mean,std,skew,kurtosis,n,file
-0.0003617788828086682,0.004809729339805073,0.01925283814265085,0.3406427059544832,958,000000.npy
4.940653756917031e-05,0.005023870675303286,0.02178328230231378,0.2201116312079079,88,000002.npy
0.0002521362733700065,0.005084523737894737,0.42413472083370435,-0.3056335043286871,79,000003.npy
-0.00278963215017568,0.007846679390520719,-0.534766762827719,1.1682160653748292,560,000041.npy
-0.0022976522754158584,0.011253059758408712,-0.49645531310506574,3.031570211348643,886,000042.npy
-0.00247272207189737,0.00836632526536944,-0.2921284241859967,1.7672832326539138,909,000043.npy
-0.00042689508274983693,0.00501230193647638,0.36105721600648943,0.6057089545180592,281,000044.npy
-0.0013621516750222159,0.010418472843960556,-0.22768383595552003,-0.33274202635058847,54,000066.npy
-0.0002601479630280456,0.008711047305499629,0.027732450670838845,0.15892586339362946,1861,000069.npy
-0.0002590277806133943,0.00628831474168466,0.11269615112914926,-0.12848055274472792,1829,000070.npy
-0.00012179370260429758,0.004859143272750657,0.041536430327817585,0.13797493759593316,1869,000071.npy
7.247548427149952e-05,0.00634261173066653,-0.07472408767390022,0.08989852549947752,737,000073.npy
-0.0004466755125139133,0.010332359358609692,-0.07845098779436875,0.2522671373135257,594,000074.npy
-0.00018718858808659244,0.005937970991587916,0.20781024912903842,0.3458183129956143,643,000075.npy
-0.002099322854543944,0.00692574440114831,-0.9776837214370291,2.3362961867688714,482,000081.npy
-0.003135245078755844,0.01188727121250079,-0.4353866995227221,0.3790708351554981,512,000082.npy
-0.0025088481555460224,0.008808901324506457,-0.8651261263336556,2.3965753489055173,576,000083.npy
-0.00021796414248214673,0.004409025383647372,0.4553870127771428,-0.0471749994617916,113,000088.npy
-0.0016822936684819626,0.010452570242748606,0.15936176300864327,0.6700965576738329,144,000096.npy
-0.0020777848409495423,0.0050653864961333755,-0.18702230531180872,0.42752972560227276,151,000097.npy
-0.0023836480768013443,0.010170315276260913,0.036335511676332366,0.5420540664983915,137,000098.npy
-0.0010266656497099071,0.00731129672187946,-0.3466776531245037,1.439564667193209,139,000099.npy
-0.0011952940211255824,0.004159598659182158,-0.419686919578099,0.27134985345067353,62,000100.npy
-0.00019534853489657167,0.00463573043500689,0.31094107150318995,0.13376828991253875,524,000105.npy
-0.00023021823996849497,0.009777832668890344,-0.011023892206613995,-0.003887621239328176,1501,000106.npy
1.3478109446810522e-05,0.0035621558354936547,0.31012737870375623,0.15051002674374736,909,000107.npy
-0.005406862366080825,0.011539930024914638,-1.173138023342184,2.5063575167773724,62,000108.npy
-0.0007231827041568526,0.008531561920589487,0.11030365581060302,0.33046699420695713,141,000109.npy
-0.0012893979945338022,0.007540613351895781,-0.032785670772250065,0.17893771584358253,546,000110.npy
-0.0009655697430305599,0.007484476324014695,0.36070963312324855,0.20050282078453474,586,000111.npy
-0.00010450071541886807,0.0031131361141298174,0.3560942934898652,0.5529207380010561,1734,000121.npy
-0.00044545900077983783,0.009718631123572035,0.0379003237626025,0.24256332844019068,1721,000122.npy
-0.0008317916592220324,0.0097898149592525,-0.03810354929655611,0.10895700533970443,932,000123.npy
-0.003631450135650144,0.009327624403191558,0.2328575589281289,-0.3314868546002314,61,000125.npy
-0.00116499636700211,0.007531021491429939,-0.2086300326542413,-0.5051732382865408,73,000126.npy
-0.001420331236658967,0.005609721289212419,1.3136979709765113,3.2945905920325425,64,000127.npy
-0.001143138413937135,0.005933455752108381,-0.007029216066534214,0.6465929259194367,2125,000137.npy
-0.000941494752493117,0.00678126502272308,0.3729806518442589,1.0385618342853293,2098,000138.npy
-0.0010863700637283368,0.006927659156362563,0.2349209576282013,0.918355527556773,2744,000139.npy
-0.0009261029657453389,0.006570700866679479,0.07466053500735992,0.1023678968223658,62,000160.npy
0.00019263208691248836,0.005964163471154593,0.18349177912342385,-0.3771651064550152,79,000176.npy
-0.0008637901775264712,0.006451624102295621,-0.1448497631411665,1.522361201487513,1211,000180.npy
-0.00039780596081668776,0.009864576057063328,-0.1485807469164458,0.23753806686095524,2326,000181.npy
-6.492899961823515e-05,0.007352798309987025,-0.04542838106592604,0.252824610494355,2566,000182.npy
-0.00010099295650939216,0.004037809765738642,0.2469266149489053,5.157221003416629,2368,000183.npy
-0.002561743378748077,0.00672301442360664,0.045907041029582596,-0.006472462341463814,154,000185.npy
-0.0012963266192421875,0.0056494534922872,0.6880757950247647,0.7750578186543753,107,000186.npy
-0.0010182352017880435,0.006945244451004161,-0.38144634042050324,0.9807390651052632,181,000187.npy
-0.0009538539270579349,0.005375700011957883,0.23231759958538836,0.6352918376429719,68,000189.npy
-0.0005699504058944379,0.007496438482107712,-0.057695260011638105,-0.3377292838438968,164,000190.npy
-0.0023282973870664136,0.006837134474846568,-0.23438475661813118,-0.22072089766292802,80,000191.npy
-0.00040949809900827375,0.00877901047164385,0.09022243608384124,0.7429879093880443,272,000193.npy
-0.001194377612941585,0.0074818719684124355,0.010473870719847794,-0.4069069970528041,156,000194.npy
-0.0009273994881002878,0.004520856903358806,0.05002579707199894,0.12440914791363644,179,000195.npy
-0.0026741067317094087,0.012540636477030872,0.6049847619210098,-0.20149784348386435,56,000201.npy
-0.0014578409609384835,0.005624218008706529,-0.028582461546145032,1.0326977966497406,53,000202.npy
-0.001298167963930192,0.008366252368969452,0.051276191580462434,-0.25701493937036224,61,000203.npy
-0.0005452676456070924,0.009008690337510727,-0.0029152147362449697,0.11099057789592948,121,000205.npy
-0.0009154059504605053,0.005145150411311353,0.21095499936545942,0.5858619356034751,177,000206.npy
-0.0006511503377991407,0.0069836109275120475,-0.23018105928353202,-0.370740084645254,188,000207.npy
-0.00021504549086508604,0.00801761010107394,0.015936523484212643,0.2466148487668498,546,000213.npy
-0.00031809643546717575,0.006495813627488201,0.05455984620030118,0.4528230731578171,388,000214.npy
-0.0001717533391177852,0.00764484506384002,-0.03257565129312423,-0.032095158692901915,718,000215.npy
-0.0009480853424809703,0.006156237204370243,-0.05752737887657837,-0.4661170234915266,121,000216.npy
-0.002427115901282631,0.012996054529378607,-0.7667667413170433,1.9959933300966881,1586,000228.npy
-0.0014747011274780864,0.005512330460565272,-0.5687848171475562,4.241760663966668,2097,000249.npy
-0.0017132166281426727,0.005988245973194772,0.20182286396139895,2.9545141032044446,1165,000250.npy
-0.0014564313252631495,0.008875823728369892,-0.14764119992462763,0.12662346199596408,2115,000251.npy
0.00022960669091044491,0.006417939270500322,-0.027905135657755507,-0.18672654534639932,573,000261.npy
-3.1575271419274644e-05,0.0029727110868205705,0.29769206446636065,0.38087663528480276,740,000262.npy
0.00022002831042881738,0.006810024594792651,0.09022735326294344,0.14882834329296868,704,000263.npy
-0.0003282814248210206,0.008394151000875674,0.19191435793859724,-0.1382058261204535,106,000265.npy
-0.0008603349346422443,0.004673780634261642,0.555690983119851,0.20842809029558618,114,000266.npy
-0.0013662841014118621,0.00819088593282835,-0.33149867468507793,0.7813140521678559,69,000267.npy
-0.00018160353146893753,0.00787765485812601,-0.009479644046337747,0.055277655268403336,3179,000276.npy
-0.0014383343892154872,0.0045312679218473375,0.04852447573030745,0.5497865229330192,131,000277.npy
-0.002483962252786707,0.00722906455894322,0.1868151401198738,0.11358199539275304,115,000278.npy
-0.000190696730725166,0.00948873414886908,-0.08548531740927384,-0.23610261289571266,143,000279.npy
-0.00012348322886347662,0.006416796748993276,-0.18677500233896324,0.7791072986240599,7191,000301.npy
-0.00019859169626299436,0.007246596703867095,-0.36062199381220766,1.79492029569223,9079,000302.npy
-0.0001056103808282844,0.007810858027278736,-0.15574834319283723,0.7813825433776551,9652,000303.npy
-0.0005833576595856963,0.004479348525840024,0.5098291091964707,-0.3056330788104549,120,000304.npy
0.001067362305332445,0.009789359864035488,-0.12882256745848442,-0.3902987579823436,156,000332.npy
-0.001929589062252598,0.009887365140438501,-0.3229741384801711,1.6099704290217431,201,000333.npy
-0.0016280540074329083,0.0058645128251729435,-0.12492815944802295,1.1588325376995714,197,000334.npy
-0.0008980006171470496,0.010812443472761567,-0.24680550915573957,0.26806528664299467,195,000335.npy
-0.00047301260546566266,0.0038912253957002815,0.2956153156695624,0.8819982762140843,136,000336.npy
-5.9882904188603656e-05,0.004953080629478918,0.6621421474462923,1.195831965929445,205,000337.npy
-0.0012148497238957507,0.006694102836314892,0.5624265909415469,0.48619289550344513,151,000338.npy
-0.00020025033469599812,0.0037254782933077214,0.381303586761307,-0.3584890756047412,56,000339.npy
-0.001110796911993732,0.006123983525286533,0.32577533153048144,0.2631477947350338,115,000340.npy
-0.0003302341883961792,0.0064808887482085825,0.24070288068450432,0.06495483327605456,520,000345.npy
-0.0012847115276279756,0.009420670160110656,-0.6907908201024271,2.0770895586027462,2338,000348.npy
-0.001625024185747829,0.006350554775217417,-0.36773532325803465,3.185697972356035,1013,000349.npy
-0.0017420603124711721,0.008074640350469025,-0.21321580983061922,1.3370030160317157,834,000350.npy
-0.0020118938273313066,0.008697884036160612,-0.1424442171964167,0.4354547223445788,857,000351.npy
-0.0014912590542605964,0.008375961591774256,-2.3599707292194245,26.450175882266727,1280,000365.npy
-0.0011858799088984167,0.008651207149420335,-0.711978550617996,4.375870053271929,1244,000366.npy
-0.001401933586452582,0.006048504279266877,-1.3944207052066158,19.53834588844898,1276,000367.npy
-0.00010805943199938478,0.006360513943383098,0.1484709066075097,-0.030595218223414378,620,000384.npy
-0.00042517538309490375,0.006461001032452349,0.27600216200626415,-0.06341228891903317,632,000390.npy
-0.00043632908805974315,0.003959152190105782,0.5973935792585153,0.6179487960148076,396,000392.npy
-0.00028109836682771775,0.0028905853500135353,-0.4406725946044852,4.384621415262899,1428,000404.npy
-0.0003909905359656969,0.008022058020537829,0.10888337247603799,-0.3903403065477735,159,000424.npy
-8.407051793407941e-05,0.006916687337512392,0.08986105124197737,0.07496888413552938,11707,000425.npy
1.798907769995887e-05,0.008750385850991743,0.044734665225817594,0.1117190480232968,9011,000426.npy
3.901562398721017e-05,0.008842456394025991,0.02052481872204756,-0.02044947307127387,9895,000427.npy
-0.00024990079686044775,0.005898626636259627,-0.2994019708251451,0.8369707786211071,238,000432.npy
-0.0006440058892033935,0.006179162973682063,0.08885067152453223,-0.06149774963221022,396,000436.npy
-0.0022508278585077297,0.008681942482338811,0.1193915860226716,-0.08268517238284412,107,000437.npy
-0.0016636600283606998,0.005959039920088645,-0.3472863222594285,0.5946262526583594,119,000439.npy
-0.0009426753979621063,0.010969928523076914,-0.1449027680265134,-0.33243410592771694,271,000440.npy
-0.0018461282077141623,0.005832155773050302,-0.06630398193861015,1.3076934605741934,83,000441.npy
-0.0017610070556170092,0.010670925892996588,-0.009242394236068412,-0.4837441536097544,71,000443.npy
-0.0029782605133197434,0.00782817316183827,-0.5491637867964451,0.6316709244339624,68,000452.npy
-0.0002649100831019492,0.0052292961998045605,-0.2648573312784835,3.514559064653924,972,000476.npy
-0.004307936374860936,0.010315933335134524,0.3776556282439519,0.6083246893704217,132,000480.npy
-0.0005561190935272956,0.006034992687894175,0.23639997978404925,0.17817764373227662,300,000481.npy
-0.0005254932037610127,0.0071225113325240315,0.21800702825228935,0.5690408731488747,661,000482.npy
-0.001540792727787779,0.00872997520979414,0.4672370143416221,1.1698695691991894,302,000483.npy
-0.0009213933443963396,0.006677439362785076,0.3627021316704029,0.278563920154538,297,000488.npy
-0.0008618243236539879,0.009079124421110066,-0.16965323730798346,0.6313500905491654,142,000489.npy
-0.0030191697931659634,0.009495639074269572,-0.2847637915339336,-0.42115943328832284,106,000490.npy
-0.0004261018066307595,0.006354894016147162,0.09709287912918371,0.5123821058401465,109,000491.npy
-0.0010513043983421948,0.005739648079055848,0.08757958740623983,3.0325740986473857,624,000504.npy
-0.002082724312434661,0.01111121770821924,-0.03768548879837973,0.004452077944185451,551,000505.npy
-0.0026198699346662016,0.005853107465662645,-1.5110925457268674,8.441084135082377,530,000506.npy
-0.002445629556073275,0.0073482120774982064,-0.44806676065623974,0.573375946824012,538,000507.npy
-0.0004494088505406324,0.005074088993021762,0.6857903848001137,2.8871684659838337,195,000513.npy
-0.0014045083117820859,0.00620659529632345,0.22341864257520186,1.5035435541563302,219,000514.npy
-0.0010133490678199027,0.004380996129896195,0.6693414807793142,1.9387011015292366,172,000515.npy
-9.074795038332212e-05,0.010625499213843113,-1.2616362919203525,8.881012391341935,321,000517.npy
-0.0002847361769814135,0.003807933863048382,-1.5467542241929793,15.59791928965296,244,000519.npy
-0.0013913497758848178,0.008048048202908496,-0.5740444708576469,0.8765653007167677,72,000547.npy
-9.750314426794369e-05,0.007487681588950448,-0.019262771725344362,0.07691904144226047,9763,000549.npy
-0.00023968985608991544,0.008410927154061035,-0.017384078540308753,0.1751620849263782,10172,000550.npy
-0.0002026096286916681,0.00844643947329922,-0.020241984185349674,0.10967306431275858,9892,000551.npy
-0.000589166665217836,0.007219001386092554,-0.1740282052046398,1.4833990782051885,244,000554.npy
-0.0009409441705299985,0.002997843770560809,-0.861760940856554,2.6669150437052975,243,000555.npy
-0.0015400142907098012,0.005682359259992502,-0.853937951275463,6.717368969610485,1070,000572.npy
-0.0011271049696785797,0.006710773233288487,0.36623936749455394,-0.03548339350226071,105,000581.npy
-5.2343270394687906e-05,0.009332357861195387,-0.09889288739012186,0.17704418312438763,92,000582.npy
-0.00014707557380057147,0.0039338559120418596,-0.07170699047066706,0.2099684697542359,90,000583.npy
-5.741896961105162e-05,0.00678408145949238,0.222871316331162,-0.22443088681470336,194,000588.npy
-0.0002918686507017178,0.004435834551040155,0.16685604721444386,0.052809369146497254,1475,000601.npy
-0.00035061973600628943,0.006963480862471347,0.10226530923679412,0.0988739700773702,1584,000602.npy
-0.00022578181648105918,0.004007421653058496,0.3509642665268737,1.004612368074591,1525,000603.npy
-0.0008843402817832748,0.01215714419413615,-1.3968166185439004,5.91742182969252,1288,000604.npy
-0.00046176769879009173,0.008471544371923788,-0.3984090138996587,2.844442951742871,700,000605.npy
-0.0006471797412697905,0.005400688005187139,-1.073557003951128,8.759353080594703,662,000606.npy
-0.0006111162057418222,0.005510580645156085,-0.7037704094372018,6.6926523577322286,775,000607.npy
0.0014600733647100804,0.01191133073003348,-0.11740626249039737,-0.03965903370907009,84,000612.npy
-0.004196510753870109,0.01412590602847058,-0.27373635433578997,2.0267899931976645,122,000613.npy
-0.00594901589300836,0.011696283045230715,-1.3583204276767455,2.0492803114659397,107,000614.npy
-0.004124177130936666,0.012176328625501621,-0.2011830780591546,1.2810018580764408,110,000615.npy
-7.225794726425294e-05,0.0032143803456308132,-0.9925035853291928,13.738355449630141,11620,000624.npy
-0.0008833614326551367,0.005916954895976493,0.26398130109206686,-0.2444691454214345,461,000628.npy
-0.00010375417565428605,0.00940988399534523,-0.0674916418471973,0.05677083305645869,1725,000649.npy
-0.0008097634562540658,0.009751450859092922,-0.021811438128332375,0.3439200360696013,1578,000650.npy
-0.000326240221715513,0.004457886093718463,-0.7649870489204627,5.258473039566555,1723,000651.npy
0.0006535180582432076,0.010547035736196102,0.2390257137062942,-0.5577379215762535,52,000654.npy
-0.00024738134858648614,0.00427397064825641,0.22000244723087972,0.49905772387583003,5524,000666.npy
-0.00017292879353919796,0.005861034642009002,0.004740758571727493,-0.04979868300495971,5884,000667.npy
0.001067915825526301,0.009115065481831315,0.43674564456257725,0.1310527194302482,92,000670.npy
-0.005600356697545635,0.013345237112720728,-0.37161917571157294,0.17487779795619707,707,000672.npy
-0.0005730707424357505,0.008480642202574636,-0.7020753674860415,4.449718906852195,2081,000676.npy
0.0005285770536526494,0.008906338412579979,0.22121146049863175,-0.034578624586023565,54,000680.npy
-0.002266819856444059,0.008876325495225199,0.1488892851114079,-0.17455528315057567,77,000681.npy
-0.0028455629552282566,0.008187872808772985,0.32960315378026217,0.9003360963096649,76,000682.npy
-0.00303541455333545,0.012036182233043652,-0.19206054957594543,-0.4355819877880709,78,000683.npy
-0.00026330168811283236,0.0031532627887475686,0.15059147460300645,1.7165040392288793,312,000684.npy
0.00016079703963884804,0.0038422757744777255,0.3653880866084423,0.5258749665234417,78,000685.npy
0.00037925712504559674,0.00901667854620474,-0.03722108694229393,0.006181160285919418,1181,000688.npy
-0.0012217890537188699,0.004563832223788261,0.8395290611317132,0.4488869417247803,75,000689.npy
0.0015639740000519772,0.010600123056645651,0.09273284002733549,-0.7251734394788922,57,000691.npy
-0.0008448722568024301,0.004078040110662584,0.03178351783663231,-0.09245515298995333,265,000693.npy
-0.0005195114140253477,0.009299747580697577,-0.039335997017222166,0.20640235948466978,298,000695.npy
-0.00023509194730437016,0.006486583272181709,-0.2090848394658372,0.8106756493425169,111,000697.npy
-1.8764983089067095e-06,0.007062950602942616,0.20441403310047426,-0.4294178034247853,138,000698.npy
-5.316865434379954e-06,0.00927834655203274,0.049424523223242284,-0.0753331667342172,114,000699.npy
-0.00038996826303095236,0.003609204241931434,0.35860419331334437,0.6438673414524922,635,000708.npy
-0.00012751526837999192,0.007094634619489554,-0.032469959426973144,-0.003924451788776651,4567,000709.npy
-0.0002844878007433148,0.008220245030542252,0.0013533519260740252,-0.07603038002191198,5639,000710.npy
-0.0002985809979365959,0.009117423681321981,0.0322578923684943,0.01056283124045132,5637,000711.npy
-0.00021873583973013489,0.008420323131099009,0.1779992997691091,-0.12493972894206085,745,000712.npy
4.7266032570443566e-05,0.006218162736692716,0.12384322376600863,0.030725440366262013,956,000713.npy
-0.00021849176689496406,0.003973457191825708,0.3064762107301147,0.2609825544489306,904,000714.npy
-0.0004620502527298716,0.004495564820468555,0.13415304784034085,-0.3790315654312275,900,000715.npy
-0.00039557697779785556,0.00829563399907005,-0.5437695742735824,-0.12713891506214647,52,000721.npy
-9.240523787158194e-05,0.004900999581876171,0.03306790153712579,-0.21192508075779504,416,000756.npy
-0.0008052732451780408,0.005450431018161056,0.028304292007222644,-0.1318113162901473,236,000757.npy
-2.5722576441410373e-06,0.0036248183127533537,0.17491623503576298,0.44087716295594204,602,000758.npy
0.00019781226274666962,0.009300173790674843,-0.08442030174968439,-0.217973196961192,301,000759.npy
-0.0001391618468635268,0.007339475501542547,-0.2409758941533359,-0.5513817826263585,52,000765.npy
-0.0002113606391249896,0.009395609106500785,-0.25465705092654123,-0.13385952544999835,129,000766.npy
-0.0012946844642536472,0.008076881849654166,-0.1251944711534105,0.6202017620815057,115,000772.npy
-0.00047435473640403223,0.008741333841047805,0.0787179200309274,-0.1096006848231248,1074,000773.npy
-0.0006188353749179582,0.009707927046935681,-0.07954238658104575,0.2361077442998094,1073,000774.npy
-0.0007118782507677572,0.0070788385685266655,0.021502334882153498,0.01342642428177454,1065,000775.npy
-0.0009838363815736551,0.0051862102808583836,0.05755974920998492,1.2396475223332422,529,000780.npy
-0.0016698042109442696,0.010607560950195206,0.5628922195337925,0.6266878292623472,94,000787.npy
-0.0009297405519151376,0.003879116919274469,0.3540943104901501,-0.10250776806532302,79,000788.npy
-0.00022075906927691272,0.006623437533877246,0.1036381470844517,0.238150241841542,1262,000789.npy
-0.00030721005167534,0.0030910212074193558,0.32488269664586206,0.8100122909415539,1504,000790.npy
-0.00031559392899663545,0.004518851595108705,0.14306794792229371,0.335550217663215,1277,000791.npy
-0.00039905222616736256,0.004235700413167066,0.2566906561689834,2.0115270122166455,4200,000797.npy
-0.00026717065852746705,0.004234268021785984,0.12114783292900527,1.8183483126913247,4117,000798.npy
-0.0005484381111315684,0.005986400951148409,0.027166101091155997,0.3523575212570065,3558,000799.npy
-0.00023618497525868462,0.0051118509314146444,0.05340970504154025,-0.2948996844768348,481,000805.npy
0.0008157648180493002,0.008983569830323897,0.004826795538210487,0.4286566292104128,289,000806.npy
-0.0007369034797437318,0.01081005968003786,0.012064810109895215,-0.36914960030620714,410,000807.npy
-0.0004309742225603492,0.003469005265051555,-0.25635348227802957,5.132320923355483,3028,000812.npy
-0.0007103553631536316,0.006041726121429128,-0.1487026989081806,0.7949772156631445,2479,000813.npy
-0.0003589668973793226,0.004691337488136802,-0.18770266551506695,1.065214069137281,2319,000814.npy
-0.0006639913530988459,0.009047170694211248,-0.10706623727141114,0.5408280385255178,1387,000815.npy
-0.00018371404300842025,0.007939962076223977,-0.1094945209637469,-0.09053141057611347,283,000816.npy
-0.0012251835193298126,0.0055013315074146415,-0.39560738541820345,-0.5678449096814093,83,000820.npy
-0.0001991215813892196,0.008979261991887305,0.04137691062443241,0.1806518223611029,8212,000821.npy
-0.00023350915601974998,0.00989953496193955,0.042496816072127415,-0.06444107465572335,5598,000822.npy
-5.083033274315367e-05,0.009213646316383758,0.01630451732832079,0.12028507300778557,7344,000823.npy
-0.0005071633092061742,0.004194821018010539,0.5727503655726459,0.38460366626798725,254,000825.npy
-0.00032861161945710104,0.007177903539794426,0.16387997849477,-0.49457822471770285,312,000826.npy
2.3864522269677098e-05,0.007767100878650015,0.14035928967113503,0.22922525672724525,205,000827.npy
-0.0004996395372512304,0.010689348272331312,-0.31746361816473495,0.11819594802006828,115,000833.npy
-0.0003952476105820001,0.00495968141258723,0.6428689996226342,2.0083468888973943,229,000834.npy
-0.00016251142224967942,0.011326846078085338,0.09033623062169666,-0.4606387574939719,161,000835.npy
-0.0010612995228608728,0.004103192004468902,-0.14907032070624082,-0.2989498886378219,163,000837.npy
-0.0012752620169866815,0.004384943076900377,-0.10683344566961153,1.325261168582763,87,000838.npy
-0.001708943922408036,0.00521423880046356,-0.028814578937776534,0.1612502592662346,84,000839.npy
-0.00062351305085856,0.007229182586916677,0.09830552399054554,0.5157947169698378,2101,000840.npy
-0.00042526703218256494,0.005216861755117895,0.7896723610924403,1.7524073692062903,73,000841.npy
0.0007777566682528453,0.010265345100245401,-0.019785924590229,-0.8086578312399153,74,000842.npy
-0.0005066506718220706,0.008340221610183877,-0.5182729450443885,1.7660007387744017,72,000843.npy
-1.023205896392745e-05,0.004182297503824502,0.27159601864074906,0.1909933021644905,1761,000845.npy
-0.0003644536817635503,0.005293160838083475,0.02334879720111907,0.13297454977778855,2641,000846.npy
-3.4074923369396195e-05,0.009303460135695722,0.011385565672757007,0.14097390935126786,1760,000847.npy
-0.00010443683694651829,0.008193652723083469,0.04663406528477474,-0.04591207607567638,1376,000849.npy
-0.00014488212558753238,0.00916111069750899,0.02125134961836345,0.08308921926954405,963,000850.npy
-0.000166826298183491,0.003964927486265685,0.47051536405290956,1.9518707117166407,1248,000851.npy
-0.0004863995546055286,0.003878677856095887,-0.6798789942712703,7.336065536273605,1300,000852.npy
-0.0006439064943014859,0.008279769844673334,0.02131159631832719,-0.018693683982958564,949,000860.npy
-0.0006817079360664696,0.0036082059161623,-0.34623751610895204,2.2591530830933655,199,000868.npy
-0.0007585721207053413,0.007664137280129443,0.1778879669492042,-0.45819303888424034,90,000876.npy
0.00018966617390702356,0.00617188023573612,0.3167069747918706,0.1696320241975462,366,000889.npy
-0.0003317363776491768,0.00583339990993579,-0.0493072940694374,0.30706907009069484,282,000890.npy
-0.0005266808292304142,0.00520498851280189,0.1364431260630417,-0.14278273521887908,357,000891.npy
-0.00080243740170153,0.00507098612059319,0.5423466249900053,2.012452998066726,238,000896.npy
-0.00015701520624853937,0.005666344298259171,-0.7625966131835381,5.55441241533773,5818,000901.npy
2.1698627833836114e-06,0.004652638361770909,-0.1118517390902342,1.721168521438611,4610,000902.npy
-0.0002835097932428963,0.008105372793270454,-0.30623078988154484,2.0987331285327624,6380,000903.npy
-0.0005904594220397724,0.006780372208999594,-0.40600452741572407,1.0291638301222044,99,000904.npy
0.0004674509907309929,0.010312462763187591,-0.052260387870840405,-0.5321742661463609,58,000910.npy
-0.0021934493118741347,0.00826970028548671,-0.5239825023889256,0.6436801988137151,179,000913.npy
-0.0024537438672538243,0.009362939716848538,-1.2046585088943715,4.662973498632805,162,000914.npy
-0.0019131192872884663,0.007422436085875355,-0.7092156579374207,3.314564563070748,158,000915.npy
8.15241968575837e-05,0.005988418095465985,0.07835035089394507,0.07623488007549772,2323,000924.npy
-0.0023232047249183594,0.011717483863692707,0.18758193633706233,0.013419226865166944,133,000933.npy
-0.00018475077692863508,0.011137293021760825,-0.22272669049881774,-0.2897710932534805,152,000935.npy
1.4066466695379994e-05,0.0034267866324458256,0.3217616117883012,0.5786535522270477,3743,000945.npy
-0.00017234538406549508,0.0030831286336296024,0.2181705623364495,0.7460138562636507,3952,000946.npy
-7.022101929089798e-05,0.0075368010968557275,-0.04433362605955061,0.15488319025418962,3468,000947.npy
-0.0004262012823988341,0.00914172402852186,-0.013021642985549635,0.007930115137061211,2140,000949.npy
-0.0003129455376319596,0.005403219533176406,0.327848902754343,0.4293540008841292,1686,000950.npy
-9.601370521816374e-05,0.005522097243690454,0.20854602228975247,0.2436635138570864,1459,000951.npy
-0.00010341258543421844,0.005370451696500001,0.19520233546297416,-0.26065780807730166,321,000964.npy
-0.00046777408304971306,0.00470120237720671,-0.3445557885855495,1.1994209189291851,1261,000973.npy
-2.9608348943581124e-05,0.008913399363393441,-0.005833180701799586,0.06129932376692038,1246,000974.npy
-0.000690722371486669,0.006677770045579433,-0.188919713372526,0.40428566612507044,813,000975.npy
-0.0005031411986614172,0.0036575054774897796,0.30112085622385004,1.246072670642734,528,000985.npy
-2.914992829188548e-05,0.010037951830852656,-0.16415513256883824,-0.19139596132739412,528,000986.npy
-0.0002780872635078532,0.006152591449290164,-0.01425119536956833,0.04407391500036617,2506,000987.npy
-0.000485528855056349,0.004248494830604373,-1.1426973188800456,6.637088599166482,335,000996.npy
-0.0017168711668280182,0.00807383577762367,0.07873702277952745,0.20916097406870948,53,001019.npy
-0.0012557363493215234,0.00628549086067854,-0.5215616288754498,0.8595622523867679,72,001022.npy
-0.0015825257109737402,0.004277926247783276,-0.14742870847447284,-0.42999643945456034,92,001023.npy
0.0017148286063578173,0.010329585067980361,-0.2612452411735249,-0.27362536942385374,132,001028.npy
-0.00036709753468392483,0.003256375171855061,0.28893321816667816,-0.13917456253718719,198,001052.npy
-0.0002811203794644589,0.009200034921324714,0.12819535570769217,0.6341226454165731,154,001053.npy
-0.0005207944768042899,0.007831173534203095,-0.376474242803379,-0.2069529052755512,97,001060.npy
-0.0004339431432130712,0.007836702274833338,0.021941361488033304,-0.04366837763643927,466,001061.npy
-0.0005615864924350641,0.007118336566039074,0.11515529344966993,-0.026191623406150555,487,001062.npy
-2.6724570135921642e-05,0.004267963645500899,0.27872804085287034,0.24005860397104994,406,001063.npy
0.0012362376101858292,0.01190675001455495,0.29942946554317684,-0.01205961790079213,75,001064.npy
1.0413004929973368e-05,0.004253595013565492,0.1376113758840423,0.2850634600834354,5046,001084.npy
-6.93655526008259e-05,0.006137664097293874,0.0457658993867055,0.014996830936727878,3322,001085.npy
5.0948391769716536e-05,0.006869231628356395,0.054757005122851976,0.025342258838124465,6530,001086.npy
-0.00016123756656886412,0.004197284337966291,0.03954675454078814,0.27969539339161553,6118,001087.npy
-0.00037782937725969814,0.006153607578692278,0.12435873809159094,-0.13972412926790634,258,001093.npy
0.00010968344457844486,0.0043765786145953806,0.07263419710350656,-0.20219059078895363,122,001094.npy
-0.0003184801212999403,0.004740227631365889,0.2793016655248368,0.8262232926710493,171,001095.npy
-0.0008526289377186913,0.006530587097621448,0.10034568061918323,-0.2084451141817989,370,001096.npy
-4.990771548018792e-05,0.002296039730913253,0.22916570955661944,0.18660140103147205,3556,001097.npy
-0.00010183341373553329,0.008181563251977785,0.06656021566465713,0.033343356775717314,5130,001098.npy
2.768918672393008e-05,0.009052475930289804,-0.04168154688557015,0.04233475789050711,5360,001099.npy
-0.0010645816388819035,0.005256245337944748,-0.4531484662161228,3.491165205784272,306,001105.npy
-0.0008182948923689537,0.00800276481596196,-0.45177640027979027,4.381038426544644,224,001106.npy
-0.0015174032642760486,0.008880210139078571,0.3931146473467797,-0.00432059087306591,62,001112.npy
-0.0005324628218631471,0.004889269934921219,0.1866968397157025,0.575725802595064,1107,001113.npy
-8.481758989418989e-05,0.0032783848553565986,0.20681169820937137,1.3379424290360316,1718,001114.npy
-0.0005640802913168007,0.009887198820128347,-0.1943642568394385,0.21291234132397507,841,001115.npy
0.0002609785620378387,0.008039248565668051,0.14867247813176293,0.030800868802993264,382,001116.npy
2.3133154330856126e-05,0.008116956729800388,-0.370105111599947,0.5151469771256894,92,001129.npy
-0.0007850470665910441,0.003270064814357812,0.1063252555010925,-0.08567854991151691,205,001130.npy
-0.0005803231623232071,0.005051912800704486,0.1478358731424415,0.27941460163028964,76,001131.npy
-0.003306782884930674,0.010771246589307889,-3.7378190273113523,32.09650057642977,471,001132.npy
-0.0040605449606919185,0.010966047245756293,-2.332837265506379,11.881927755682844,1005,001133.npy
-0.003623544937741881,0.009648122425778682,-1.6721482773382852,6.274102160356524,790,001134.npy
-0.0033758723060171385,0.013832851987163159,-0.6064376644184785,1.4449790566838114,744,001135.npy
-0.0011311787895373561,0.010687796633286334,-0.11222140802258898,-0.12277875635616065,208,001164.npy
-0.00011853575379299795,0.009176471137753058,-0.04426342315979438,0.13034541669941335,424,001172.npy
0.0011009365993004394,0.00970041989283453,0.11599030510305698,-0.4225112247441851,64,001177.npy
-0.0004741356506621322,0.005556102797521259,0.015353081150327375,-0.5041991879953964,65,001196.npy
-0.00048405484104921566,0.004370657580560054,-1.3925539982171244,10.745109900685849,242,001212.npy
0.0002788636851986366,0.009136285696609642,0.023440234957031198,-0.0019557028517618313,109,001229.npy
-1.5110746207551045e-05,0.003704780455282155,0.1777820894700349,-0.19775028237022907,94,001230.npy
0.0005339869212657943,0.008249698446795623,-0.2266521084503594,-0.33762073349214905,83,001231.npy
-0.001387041405076602,0.005961327533434395,-1.2673412966053266,9.42887881471779,825,001232.npy
-0.0006140795217435609,0.006474395536065519,-0.08026428957662576,-0.06874078968759445,235,001237.npy
-0.0015496677574290138,0.008204076577500842,0.11380635422536561,-0.6797176536190284,58,001238.npy
-0.0008983796681938506,0.004060858621688933,0.07989286054949794,-0.1814216114641911,199,001239.npy
-0.0002682841462847679,0.0059689474841211655,-0.0660193697581662,0.09163826000449316,201,001241.npy
-0.0005166773414641298,0.0038188582895528553,0.05544037603641455,0.6618087633038536,139,001243.npy
-0.0015495795378346765,0.00456979924565887,0.14139824287738476,0.28411141489184777,154,001248.npy
-0.0003794414539337389,0.0035650972711072067,0.06163849404518743,0.1854025805718127,848,001261.npy
-0.00030442196420063614,0.005424167308176136,-0.13769034095793214,0.0220321104669714,928,001262.npy
-0.0004852324758463158,0.007533317544180536,0.15024984876705394,-0.08105427141624588,857,001263.npy
-0.0012579144647622675,0.009864232643710297,0.11527169034895052,0.004282989675558735,368,001272.npy
-0.0003801461786638777,0.009101539910052798,0.018661596359589843,0.2400253633422671,2540,001273.npy
-0.00015640242313942626,0.007827866825592923,0.11088996391812993,0.2613083109192704,2463,001274.npy
-0.0005128829925367225,0.004688625138175297,0.06752172970607086,1.5827737964981603,2587,001275.npy
-0.0008043481252586343,0.006815310376534548,-0.050539538988315064,1.1199315390635922,295,001289.npy
-0.0027684718899420218,0.008927679432955351,0.16536610069270619,0.8410285454428221,302,001290.npy
-0.0017511259545686135,0.006970212156140438,0.12254397593374322,2.3916297744202915,342,001291.npy
0.0007452072137520652,0.012081649709193183,0.1285624116245254,1.3505230187801143,61,001304.npy
-0.0018091436102956639,0.006115343312623996,0.12311937192407241,0.052790641674907324,147,001308.npy
-0.001020178653246918,0.008523336425165152,0.24321243444548057,0.05775501677179884,416,001309.npy
-0.0010294279720645316,0.008287459032699396,-0.030888621568018925,0.0792157470838677,766,001310.npy
-0.0014834375180972587,0.006414972793990094,0.021794686019500017,0.0234400764097491,819,001311.npy
-0.0003433124329694734,0.005284612429160869,0.268033069544423,0.2375866376979503,1177,001320.npy
-0.00012845245524276128,0.0044681844354799135,0.34887908852219884,1.3945068291311982,11469,001321.npy
-0.0001760091096825672,0.005377690057384536,0.2354390131051807,0.6715282977253576,11331,001322.npy
-9.549712850889547e-05,0.003668761144338868,0.05839995403292102,1.044797919453571,11606,001323.npy
3.966639212572251e-05,0.006025851484052251,-0.02624717505277527,0.07877354247217117,2956,001329.npy
-0.00047751616291407116,0.006905941987956333,0.009816102713753324,-0.16138255040233185,1240,001330.npy
-0.0003185974571390993,0.007096129580112517,0.21837752678982217,0.03934742316693196,1231,001331.npy
0.0002761708512643497,0.008026819033038838,-0.09287641703283096,-0.31191469503408653,234,001348.npy
-0.000380013396823094,0.006268590624931572,-6.085999742583783,72.9116783556075,340,001364.npy
-0.0026070444636941688,0.007061229164369375,-0.087721947559556,-0.6357808626088732,51,001372.npy
-0.0038397228422154864,0.012232205010948913,-0.6826949379392172,1.1323533100339818,543,001381.npy
-0.002577547693327484,0.009951595018192093,-0.2908405975449819,1.3281410874193647,580,001382.npy
-0.0026993157656034663,0.012169803504571561,-0.3189641506147765,0.7600215407964823,901,001383.npy
-0.00039822061682633796,0.0054180291633086405,0.04355070985853074,-0.15813532183979362,58,001400.npy
0.00021321335538997807,0.010288767560674686,0.09060713695391963,0.0617871878718832,1019,001408.npy
-0.000743729883922338,0.008645779696934638,0.0324403524069852,0.10227295959509197,1831,001410.npy
-0.0008140065194049385,0.0053777006920047695,0.20549323646253267,0.16359693308035972,1250,001411.npy
-0.0006374867453853716,0.003875501779710592,-0.14350912906429877,2.0320476048165244,652,001428.npy
-0.00023990305187180638,0.009697822186918155,-0.35765459101452435,0.6663935285865761,125,001432.npy
0.0009563017843224077,0.009853134939138874,0.3513595389651881,-0.45045544803828497,118,001436.npy
-0.0002915807584269828,0.010231064852747213,0.0003065877993489037,-0.06323234237046149,433,001440.npy
2.4555894146182037e-05,0.006516820164892221,-0.022161834644661815,0.045377956205878256,9184,001445.npy
-6.931618039632049e-05,0.005760186551507795,0.006268779353569757,0.034789187938951915,8885,001446.npy
-7.74454450748591e-05,0.0036329100661738538,0.15356113047053283,0.5973370426305213,8683,001447.npy
-0.0016212115396960073,0.0077506900290349595,0.6523765130995611,0.06084872226109006,51,001451.npy
-0.0002336549391056721,0.0062846079040152015,-0.08809775512799975,-0.15769775567869404,1083,001469.npy
-0.00028585388090691423,0.005334550497176677,-0.0025357749296636193,0.10996541517579494,1123,001470.npy
-0.00024229060003795274,0.009349550877328855,-0.10404875912065645,0.25751422465871254,987,001471.npy
-0.0011417427930508792,0.004718410627999706,0.47843165746747046,1.5381136994104985,54,001472.npy
-0.0002454460660034375,0.003906009206513182,0.3322092917122604,0.8134700764460705,403,001484.npy
-0.000563900423622137,0.00833576635251242,-0.012977884703616691,-0.17025762823038804,341,001486.npy
-0.003368983942177043,0.008799197551837765,-1.1628901105370757,2.515657639787565,56,001489.npy
-0.004972352567654945,0.01311153985240555,-0.12349177133843703,0.39136981357676914,65,001490.npy
-0.0013450214671671535,0.010528234599849353,-1.1462670362812026,3.554227758589488,58,001491.npy
-0.0007764190525752687,0.008586242583500785,-0.36552986166718787,1.1565372947023862,192,001495.npy
-0.000657241710467889,0.00823447692933099,0.056692086774726064,0.4228900293286677,616,001497.npy
-0.0006926789493643031,0.006967237631304544,-0.2658839343091441,0.31161135489519554,875,001498.npy
-0.0008353839705222071,0.0050528302667150315,-0.8245346026404758,2.193945424717117,873,001499.npy
-0.00650368065137652,0.012334571665271573,-0.27200731423667385,0.5254587992110107,80,001509.npy
-0.005777670034895448,0.012996457528228061,-0.5631703243441597,0.6082980039228794,78,001510.npy
-0.006044491837306291,0.014747676265506727,-0.24583761807756419,0.5443292467226315,78,001511.npy
-0.0028512212997014227,0.01152798516381386,-0.0449289425697961,0.48186106540694684,765,001513.npy
-0.00261149278427661,0.006178487158104993,-0.7272116818922988,5.191038910182673,944,001514.npy
-0.002364101103894019,0.008850755171231243,-0.021488172540658764,0.5083998181968639,936,001515.npy
-0.0011765903882352022,0.005680731442278692,0.2248709788593839,0.036007572081438344,338,001525.npy
-0.0006796338186795765,0.008175900158731783,0.011254808266191555,0.3468661417060508,250,001526.npy
-0.0005937353874264189,0.005700538359860568,0.056135612000425335,0.06448423534292269,195,001527.npy
-0.0006073092218602766,0.009957722566896416,-0.2029539852695874,0.2381364346107504,191,001533.npy
-0.0005914099815849218,0.005554674041979907,-0.14253966240545554,0.8965951952231896,826,001536.npy
0.00029691346918254914,0.006023708930141665,-0.13520394017693063,-0.7422183864778962,84,001540.npy
-0.0008686402731810511,0.009676779450266283,0.05816533480940178,-0.03805881490101237,357,001552.npy
-0.0004957354593817913,0.009140602603175094,0.16412569410478967,0.15141162129869112,294,001553.npy
-0.0002369358520307538,0.0089378588944002,-0.24426255406588557,0.18984923365482897,232,001554.npy
0.0003072321267407258,0.005245803368450487,-0.023912418638943812,-0.581654648553318,288,001555.npy
-0.001158536777614922,0.006117128556518403,-1.8702418490449453,12.479290384736604,1156,001557.npy
-0.0009967150405859647,0.008929115312528761,-0.23862604238198976,0.8488440092746528,969,001558.npy
-0.0009928500462688204,0.005366554496493411,-1.164649957540279,8.702916282176465,1261,001559.npy
5.8407891242011905e-05,0.006962351547590966,0.1021926311028224,0.20604254942420974,188,001560.npy
-0.0002947830137008937,0.00603447889242701,0.016961571178604775,0.10035210061973432,1615,001564.npy
-0.00028830366320490224,0.0034391481682828563,-0.13980645553573412,0.3287828974638316,1322,001565.npy
-0.0002848099988520473,0.004311199618366426,0.044809670146809956,0.5596281517406321,1329,001566.npy
-0.00040026835549659474,0.00379382085044875,-0.16094705552636174,0.8911420664263723,977,001567.npy
-0.0006342197693097733,0.0080772010536232,-0.1119768438396087,0.10896971399175026,809,001577.npy
-0.001066923047943482,0.006588819326695932,0.07038441942034585,0.01573492921076003,519,001578.npy
-0.0008399065469618317,0.00999740537291898,0.12033524661163049,0.05411264945641037,794,001579.npy
-0.0006056648718743329,0.004589057951107422,-0.044932072596529475,-0.025729953258157856,62,001581.npy
-0.0007918517238961659,0.009935532765819292,0.21618042618701058,0.21593099887420664,236,001604.npy
-0.0002646653552336576,0.008646703497050011,0.124599407767854,0.2782699197927565,266,001608.npy
-0.0012790122121019488,0.008497234287664983,-0.36448070817454886,1.058508214492755,837,001613.npy
-0.0008971206770660724,0.005393734193154475,-1.2767238330813078,5.443206904772124,1093,001614.npy
-0.0010338493900168028,0.00737392681949934,-0.44940219544578414,1.5616812545368948,1054,001615.npy
0.0003163622513277391,0.010777498026877188,-0.1740300492476912,-0.5003516301300457,99,001617.npy
-6.155484747564928e-05,0.006879817690197563,0.2538596157982123,0.6925726372646746,88,001619.npy
-0.004194055822834314,0.01322354366764591,-4.0279410103314675,22.5156213227468,123,001636.npy
-0.0015012036378247759,0.009054377478196063,-1.1564273772602658,6.908975276533749,2065,001637.npy
-0.0019786750124893395,0.008856263284755958,-0.8800592826212782,3.735067879836124,1945,001638.npy
-0.0017955744715666042,0.010303881139739332,-0.44326543445647654,2.3098492957341694,1863,001639.npy
-0.0022014374257893292,0.008444829103786125,-0.9944457430580969,2.4642702437144592,670,001648.npy
-0.0017174842805705375,0.006331963526029638,0.6630596140318321,2.0315676791562653,51,001649.npy
-0.003466579911339136,0.01000094033314666,-0.5024550324659532,-0.6178720390343662,53,001650.npy
-0.002588862962168279,0.011325265850517493,0.09989959141113665,0.22786559552020647,53,001658.npy
-0.0002638785183619432,0.005880262965464336,0.5373865124341044,0.18229166011198084,54,001665.npy
-0.0020114816975196678,0.006487511191090183,-0.07330684468721771,0.17557755078973347,54,001666.npy
8.001948678100558e-05,0.008660742367502543,-0.017517061698292338,-0.5081308245751583,73,001673.npy
-0.002381309395556705,0.007896352182501261,-1.191634750747098,2.4965772654849285,158,001676.npy
-0.0005588343156997775,0.004466034487978412,0.24767862084422682,0.7735974010682272,107,001677.npy
-0.00012976269926567955,0.005973041414116245,-0.03749639238413394,-0.08489658630848318,121,001678.npy
-0.0013919839426349892,0.008432203905035712,-0.3169616196046133,0.39157230840367285,215,001679.npy
-5.215888510194174e-05,0.008359257117998823,0.1756626677779112,0.33454133779027817,127,001684.npy
-0.006118811266507971,0.014003114746866305,-0.31679479336530025,-0.9609991159429789,52,001694.npy
-0.004588479888532733,0.012473746869553696,-0.17480576556913577,0.4361146560204898,62,001695.npy
-4.932342528092115e-05,0.00848589659286221,0.11390634094632422,-0.06104621159997903,1198,001700.npy
0.00015440962135171787,0.005937276791061463,0.042532248999446604,0.2037634297918225,1371,001701.npy
-3.8312912805308094e-05,0.003829229145740186,0.6460424854088219,4.296298188100761,470,001702.npy
-0.0015260908278623203,0.005981522280951365,-0.016777116455447112,-0.539286423672193,65,001703.npy
0.0016423613930013604,0.01077227646432944,0.01205506910504052,-0.4744652640845137,52,001713.npy
-0.0002785760367068609,0.0040216481538786954,0.12025289242662622,-0.6053769934668618,57,001714.npy
-0.0014691518174984126,0.007429524466415798,0.17153143815910252,0.6945315823004332,342,001721.npy
-0.0024956336088218286,0.006114050836936613,-0.3691831732945455,0.2201326330155271,176,001722.npy
-0.0008992822074451704,0.008226875153115008,0.22016872860054423,0.468217850898049,363,001723.npy
-0.00012705192730584557,0.009172651248755775,-0.020852161810039085,0.13280716490610267,5862,001728.npy
0.00013097542388415014,0.009569402788580834,-0.10672148625615348,-0.43656070019579163,185,001736.npy
-0.000748002943442111,0.006989875829695277,-0.15862755036324486,0.7058343742934929,455,001740.npy
-0.0007445415146704219,0.009885510770439988,0.0033361890035374813,-0.025028486749929968,4611,001741.npy
-0.00048589619108699777,0.009788104636249231,0.08096279285357903,0.017154129287924924,4372,001742.npy
-0.0005096094920169094,0.005201229984878552,0.20520377187621924,0.28407976591039974,4733,001743.npy
-0.00745175631760334,0.010037709026246537,-0.6404318766663539,0.393904071347261,86,001748.npy
-0.00041441980312055245,0.0048092610926128545,-0.6053744775035509,3.1269800806031283,2432,001756.npy
-0.004340697381856019,0.0076975117219192195,-0.5166407716611822,2.307531504972493,531,001761.npy
-0.0042717298399472465,0.009947639660745118,-0.45781581207124034,1.8613868409420462,249,001762.npy
-0.003226458679248638,0.007726192653535359,-0.03975390667431494,0.37509825823630116,564,001763.npy
-0.0002630304533099064,0.009250480877839518,0.07370513769444259,-0.15514219713572297,2475,001773.npy
-0.00036316478150021363,0.005031533111308476,0.14569645917177654,0.2257286460911958,2611,001774.npy
-0.00025342735398628497,0.004887237053620636,0.16547501075124119,0.06826030621662493,1808,001775.npy
-0.000581433693559048,0.006362868526266563,-0.20769260985397725,2.5668685816142816,139,001784.npy
-0.001954689988200439,0.005709631037789249,-0.05813530953201766,0.17703263148948167,214,001800.npy
-0.0016264721709422958,0.005118883706355071,-0.22110075513890948,0.23531270914208724,78,001808.npy
-7.926337021247657e-06,0.006820633502484689,-0.016784277529780258,-0.04513303934752688,8815,001809.npy
1.2570880062292854e-06,0.006102146180332467,0.02496119926567698,0.08561825977876181,9124,001810.npy
4.1741967012180995e-05,0.00883743567949447,-0.005694234539533354,-0.058700430634099465,8778,001811.npy
-0.0006728507378245337,0.007463532926465185,-0.10817318051937458,0.2433670392372287,469,001816.npy
-2.2737435169684592e-05,0.005186582880655208,0.06940026285950573,-0.05386910230555886,4968,001817.npy
-6.765869144295683e-05,0.005728768276514926,0.05402863650390546,0.046755014104452375,4184,001818.npy
-3.2693925038166285e-05,0.007237287407450675,0.041857432162066624,-0.04792004706824615,4070,001819.npy
-0.0052201063357608535,0.009907184663846361,-0.45237150934279796,0.8318937068399679,53,001821.npy
-0.0001562977942879457,0.006424037937070469,-0.04353225935570678,0.09040302129365418,5806,001824.npy
-0.0001275104210310401,0.009586025582029603,0.026676591890786132,-0.04772799260827565,13342,001825.npy
-0.00017629527557456765,0.006936743686221365,0.06494050775051786,-0.018837832007366107,12263,001826.npy
-0.00018873636546890723,0.007990064225909609,0.048578550933586706,0.05099259303694437,10678,001827.npy
-0.0018021939052800153,0.008198566669641479,-0.36388338391687425,1.5223334772681278,298,001833.npy
-0.0015991156500157846,0.006781152776695879,-0.1946204261663864,1.805462424760389,322,001834.npy
-0.0012733820811895978,0.008367042757897517,-0.02441523818234527,-0.1782996517121278,276,001835.npy
-0.0031489631135958587,0.010520016579356436,-0.7594483096283124,0.9433075997115772,55,001836.npy
-0.00143940168123107,0.008001099053940147,-0.4063874344559826,0.587610097570797,399,001837.npy
-0.0016999253493547336,0.006173245996451568,-0.9424649442883786,3.1183656975235348,398,001838.npy
-0.0025195726100842894,0.009272786440491385,-0.6477461503716216,2.1422025531783246,397,001839.npy
0.0003358326394232066,0.005001837939980439,0.1536128915029413,0.6910920303135715,123,001840.npy
-0.0012888343284841485,0.008998938260475497,-0.9095680992096956,4.279374147670694,2965,001848.npy
4.400419568827481e-05,0.005887831066891635,0.28719043542954287,-0.30601592316069404,53,001854.npy
0.00037209140515390523,0.011034263462038814,0.10119995845065033,-0.0031594669814203336,462,001856.npy
-5.2574636246197656e-05,0.00422273687080068,0.5148748660623687,1.34275618027801,528,001860.npy
-7.682746818741286e-05,0.011641990993324037,-0.060466859815163525,-0.07517395026837592,344,001873.npy
-0.0006730476789068364,0.0071112458540923615,0.17375679635577726,0.09728874540837662,350,001874.npy
0.00020613256691563072,0.005051334473183981,-0.33777144663553793,0.7174280612872228,139,001875.npy
-0.0011958481462544216,0.005536915365042771,0.6934817439008997,0.7736630337405384,144,001877.npy
-0.0028587367594974985,0.005382518129908594,0.09832109704747027,0.18899561338068827,88,001878.npy
-0.00012492476514075354,0.008274235719867922,0.48733130023814625,-0.2311622068124599,90,001879.npy
-0.0005745436691210591,0.007268846461598363,0.09368891310145433,0.08608726809602762,829,001888.npy
-0.002628972020442025,0.010404114005843106,-1.0398154260779495,4.773794744515265,61,001893.npy
-0.0017101892800222712,0.01245356019543483,0.028744039288403127,1.7853774620507483,85,001894.npy
-0.0027181194541605652,0.01248735936035389,-0.2956683038399623,0.1455898779588627,115,001895.npy
-8.285841400938186e-05,0.0038552191410320706,0.17819890436960756,-0.09793414202715311,468,001901.npy
2.725225327749479e-06,0.00400212410383608,0.2936741953903496,-0.03044950032403193,658,001902.npy
-0.000492589969387113,0.006045843670196666,0.2390858714611265,-0.04852772459546495,463,001903.npy
-0.0005034588635438316,0.010984778758402916,0.05054817662271588,-0.5274861830063005,75,001909.npy
-0.001599497690204051,0.007631409152423231,0.9540487551185084,2.8572170397169403,120,001910.npy
-0.0018915347847551522,0.0056047032044511955,-2.229583891369701,11.800591111039566,318,001917.npy
-0.001440306304502169,0.006566395124158677,-0.6404079808882046,2.295924549041067,293,001918.npy
-0.0005112622369501459,0.009049518871091856,-0.3026108705561962,0.4174450412910531,293,001919.npy
-0.00025175710809815485,0.0038138101076757224,0.46664938150909974,2.5771666840267438,1489,001928.npy
-0.002058451860258564,0.009596364081407125,-0.6532151267652286,2.3235587912285522,168,001941.npy
-0.0012724582567422448,0.007470607200328623,-0.18204640724200102,0.9155288546685831,452,001942.npy
-0.0014144403226451978,0.005785842584751885,-0.44893176489258857,3.1230030002250935,424,001943.npy
-9.583833678439935e-05,0.003605431916442133,0.3435357390736158,0.7264530934900724,1311,001949.npy
-0.0002521911808583576,0.006181411244401124,0.09032651125342882,0.026181932843413414,1529,001950.npy
-4.2139819345236777e-05,0.005329563577458773,0.03790925418666694,0.037965317389144104,1556,001951.npy
-0.0004185576860338847,0.00887454424185365,0.07073149751626384,0.15237977141462888,811,001953.npy
-0.0005254681886546771,0.006668240992311411,-0.3896160358867842,2.469064606028776,837,001954.npy
-0.00028142499179097547,0.0067090044847817245,-0.004187345581895014,0.1362813989925149,1103,001955.npy
-0.0004106991093879589,0.008196666355798536,-0.14284655983346184,0.541311851866598,159,001960.npy
-0.0006195259866327565,0.00958614326242519,0.025089489264023688,0.27622430015628163,908,001961.npy
-9.50349743808244e-05,0.0037496163984323235,0.09004077228332379,0.02906330518332867,1066,001962.npy
-0.00017783263500481162,0.0037605604467586024,0.15067554205416353,1.2631037440358392,1059,001963.npy
-0.0003947087500376891,0.005315998312470582,0.274673545735337,0.8473699194295623,1460,001973.npy
-0.00012626168088852827,0.010587180702546913,-0.10557401626292594,0.17035395544961274,1518,001974.npy
-0.000318354606260497,0.0042895336632930384,0.38623963444602977,2.0994894400633957,1678,001975.npy
-0.00025344315169857336,0.006168483939400516,0.00028815045132094387,0.46141001890374556,3732,001980.npy
-0.003956050608896225,0.009319453371754494,-0.3395037181502725,-0.3800278433822166,87,001994.npy
-0.001842240614016302,0.009998942590236483,-0.20076402279698696,0.7282968819845488,1746,002005.npy
-0.002938892297375922,0.007377229333829267,-0.7447241012217494,4.914999408513346,1217,002006.npy
-0.0023927236111072913,0.007795461426651326,-0.40046615656938445,2.571389728808149,1748,002007.npy
-0.0002519159841062849,0.004460634460958584,0.21756982115516463,0.6502724498531864,873,002052.npy
-0.00107412048317689,0.008198854458418503,-0.4341786784586831,0.9515489421950205,205,002053.npy
-0.0011168323054401598,0.007359515447712531,-2.706718424803144,18.08326089012081,329,002054.npy
-0.0009769138358440253,0.010308346364484793,-0.5139925861973008,1.131566970469561,342,002055.npy
-0.0010789136788484789,0.0066595050512263075,-0.1951095456527491,0.9995285536606673,3817,002056.npy
-0.0013888631597199109,0.009642329588419924,-0.08563844652432091,0.3713217363652124,1351,002057.npy
-0.0013382402723872036,0.00793097358968797,-0.17656380372708388,0.32826009447225557,1462,002058.npy
-0.001271654863307088,0.007843939966216918,-0.20675260089652459,0.7307358340722208,1476,002059.npy
0.00010247949670730828,0.006670780974335481,0.008382322863755514,0.10253208373750766,856,002068.npy
-0.0002557359336433388,0.007330348066680363,0.34721423105361165,0.5573562505354825,1705,002069.npy
-0.0003692815064911093,0.0081997762700459,0.19332762708603568,0.32593857351887356,1483,002070.npy
-0.00014626337067587058,0.010842295937790462,-0.0004780080342018161,0.3655392223723162,2076,002071.npy
-0.0013063713879164847,0.008272852334422586,0.09196911370776586,0.37825784531236595,581,002077.npy
-0.0017929568732722681,0.006758072212494895,-0.31754847286135884,1.4102230702041325,695,002078.npy
-0.002034914185924874,0.010795903588982372,-0.1869753599268397,0.15225617406538206,631,002079.npy
-0.00016420881968782578,0.00837026929860106,-0.2447932785167323,-0.16370297757398156,73,002112.npy
-0.0025620381163042275,0.01025716504197805,-0.6451419949971496,1.3050537216608111,88,002117.npy
-0.006061712493796981,0.01369216081792907,-0.47812768242252,-0.13038647615517585,91,002118.npy
-0.004113246128075301,0.01527130266268572,-0.850018560422552,2.097486355783661,94,002119.npy
-0.0009093149340922787,0.005076865303829234,-1.3162159666303015,6.182165521401004,232,002120.npy
-0.0012527854993202388,0.008355431467632434,-0.8820466968441651,4.771636175349472,510,002136.npy
-0.00029816833001318515,0.009721217333229702,-0.15797167374267923,0.3225310923160176,1523,002137.npy
-0.0005036869177839109,0.003936063581832394,-1.0307575186954756,5.0322599853268155,1502,002138.npy
-0.0007109436940080882,0.003618049696118592,-1.209983971692658,7.546251596179641,1392,002139.npy
0.0002715628121066768,0.008146908830150214,-0.05535971213343909,-0.1305438759425046,1014,002148.npy
-0.00013097612579464533,0.004133441329458609,0.10448700956428904,0.24764923189945653,786,002149.npy
-0.00021090320049733016,0.00454584995787896,0.09331419033201603,0.3150565866615156,805,002150.npy
-2.466583206948523e-05,0.0044607250179103065,0.2339191293612455,0.4325316010770721,999,002151.npy
-0.0012822100838034004,0.005584445782808784,-2.0332356364608772,13.797323574848708,460,002152.npy
-0.0001910878731726819,0.0037693180017054654,-0.005215667619544449,-0.10199308706796772,229,002157.npy
-0.00023133718103163394,0.006907588307688343,-0.39629532942250645,0.448197729718248,133,002159.npy
-0.0006675189891693127,0.005324285575855929,0.6259120290373802,0.8943853735885394,51,002169.npy
3.7447370099290464e-05,0.010315377778006698,-0.07111631907160879,0.19674981867839803,171,002170.npy
-0.0011546645275055556,0.006574879720129681,0.2028677119863392,-0.38864322247591776,162,002171.npy
-0.0009927850732506782,0.005268575197513955,-0.2874462526152269,0.8738508587274278,51,002176.npy
0.0005386241397860905,0.007096284586771161,-0.019175059306293707,-0.24255519794276736,92,002185.npy
-0.0016500042865690947,0.005956612456051968,0.17210024166211207,-0.24275756579538843,54,002187.npy
-0.0008073992385593386,0.005331087119538026,0.27011381006252455,1.0265370111496592,991,002197.npy
-0.0006924514686754597,0.005667820326739579,-0.02264750670696365,1.0140153510219978,596,002198.npy
-0.0007153768627737445,0.007823063581769736,-0.06330682447494021,-0.02889903702458607,983,002199.npy
-0.0004858805674015952,0.005395027825225055,0.055687326207771115,0.5208004840858513,4356,002216.npy
7.947430022296147e-07,0.006266464500698012,0.015669635772671154,0.11501331681998783,8975,002217.npy
-0.00013229765139227025,0.008084239904724016,0.03904484205977002,0.031087263455415126,8214,002218.npy
-0.000261392144468407,0.00987571946479263,0.05311107503405233,-0.02655307292261222,10039,002219.npy
-0.0005204975028931077,0.009805426977225746,-0.023983179698985547,-0.14540490769728542,707,002221.npy
0.00024411762960694906,0.007285587749594258,0.13756349302470425,0.17952845109696414,1027,002222.npy
-0.00012119456931554408,0.0037080179224076655,0.500131379458085,1.7586806825218266,926,002223.npy
5.64329686426591e-05,0.009071771251646555,-0.009420046701656061,0.014373540764714754,13588,002224.npy
-0.0003868331285231326,0.007960091469801723,0.06848259095001141,0.001291801111205082,7163,002225.npy
-0.0002670856940088018,0.0072792598060269255,0.07319494732536877,0.06616804355408634,6660,002226.npy
-0.0003572835613475966,0.005723563307741683,0.1236671395810628,0.21911594364946652,6858,002227.npy
-0.0014282843906090106,0.0070203557172405845,-1.5029049327667454,7.438322378991524,2433,002236.npy
-0.0011393613948723358,0.005696078055561354,-2.66045903737643,23.935579468006672,1645,002237.npy
-0.0014098266249365176,0.006465969577011534,-0.7813984057034961,2.8225489661489434,1101,002238.npy
-0.0010553429238613966,0.006818539099466801,-1.869153038849172,16.92595576853731,1654,002239.npy
-0.00205912461459613,0.00573135753314749,-0.33258142862013984,1.288153860478662,139,002248.npy
0.001523349894731447,0.007383974052607204,0.2835351999466026,1.6321277866248245,189,002253.npy
-0.0027821472045090273,0.009083533813504598,-0.5309510713996621,0.9046331249270385,166,002254.npy
0.0010843575054113712,0.009624307537398258,-0.14024978787620238,0.780995454720002,194,002255.npy
-0.00036863521525848733,0.00472051343788169,-0.013750459712892281,-0.03134682542478329,154,002269.npy
0.0020932026323302686,0.010063873102747135,-0.19646666249701494,-0.6585439160390734,104,002270.npy
-0.0010166309910327798,0.005097163901819986,0.2837004251554216,0.7663218138778389,99,002271.npy
0.0003982963987740956,0.00707988568470958,0.6905906283285416,0.4391105298645357,73,002272.npy
-0.0009819529131972831,0.006886737805341012,0.20108653905793789,0.09872595466652623,1084,002273.npy
-0.001190609548141851,0.009306053209032225,0.1768706416969837,0.0785732375510273,879,002274.npy
-0.0011514905290342448,0.005480316479597298,0.443851507242336,0.6885463193593253,756,002275.npy
-0.0003873983303896643,0.004014908510354859,0.14236769368091504,0.6308304015118447,360,002281.npy
-0.0006940029673589183,0.005542608622717847,0.17589484604512226,1.0505221102777993,381,002282.npy
0.0002545812144072154,0.009156872243216265,-0.12643473924989918,0.2630921648496214,381,002283.npy
-0.0024010188910779107,0.0054366065328114496,-0.30261182948248905,2.037889675732618,160,002284.npy
-0.00046224266505322584,0.004982204431015336,-0.0970446122638502,2.131412821220972,954,002285.npy
-0.0006292386249827509,0.004966854888893475,-0.5276767155304498,3.4427079618059855,929,002286.npy
-0.0009604158885889978,0.005237833184317479,-0.7059204419569545,3.179761849566365,961,002287.npy
7.352467223355765e-05,0.007259168492512238,-0.5174120556920095,4.961041559339191,7259,002292.npy
-0.0003620653395664017,0.00425109003695491,0.8459468425757549,0.5168853193729737,53,002302.npy
-0.0019031190149138583,0.008553731141620667,0.027913705358724138,-0.12841381681653274,165,002308.npy
-0.00014342434196106086,0.011681209863845205,0.019585429563773734,-0.4060887073553796,52,002309.npy
-0.00018015725341953199,0.00807149753879701,0.021899687010912827,-0.00012431584198413503,54,002310.npy
-0.001178625314049933,0.005252942059001166,0.6932052273646508,1.2656633630439966,73,002313.npy
0.00023515862590607462,0.008173470916314776,0.0901655887494074,0.7980968964228943,72,002314.npy
-0.0020630821459803883,0.006170481265982842,0.11205696274470325,-0.11767230407121909,64,002315.npy
-0.0004369969941714468,0.005939444228726945,0.06819492346326664,0.17519890077964773,375,002321.npy
-0.0002137667590961398,0.007371051348656098,0.1146039565120194,-0.012732003508315604,366,002322.npy
-0.00016860336912735046,0.006560809956633905,-0.10237619568589948,-0.20454875346069645,379,002323.npy
-0.0005116802005266601,0.007211479481532384,-0.03635676624214855,-0.5740498412477146,66,002324.npy
-0.0009311862119207753,0.008673771600363568,1.4423422268034696,3.286027651899883,76,002328.npy
-0.00992219111392334,0.01077889180334234,0.226822929817574,0.8606776205792781,256,002329.npy
-0.0111523193214263,0.0111751067940631,0.6485687923906949,0.9358682165809933,240,002330.npy
-0.0035761965125750634,0.011903444861096128,-1.0540317609295706,3.5585896274578532,820,002336.npy
1.3505341219019307e-06,0.007565131764005218,-0.01792675601623266,0.06820144836565545,2529,002344.npy
0.0006220722712622706,0.007090096329425884,0.2853418878326957,-0.3440917339592984,93,002354.npy
5.6773755100688763e-05,0.007568121669754705,0.3372069441106669,0.0651130535422686,70,002355.npy
-0.0005563976513756995,0.00447549195387153,0.44997063453356817,0.729485325890991,496,002356.npy
5.259297287465188e-05,0.009236605278171542,0.02621012924358497,0.01163795045842786,5951,002357.npy
-9.709850490043622e-05,0.003677111012039826,0.2125508952884737,0.4681010329688675,2403,002358.npy
-1.2507776826525314e-05,0.0031479108868736963,0.3115069169039362,0.6032061862500422,6131,002359.npy
-0.0004217501169592337,0.003323984922667635,0.1488276542815937,0.5441826376066388,955,002365.npy
-0.00022752510260964532,0.003841644966062416,0.05022494254859234,0.021915523406740522,1376,002366.npy
-0.00020245354213589703,0.005195278016457584,0.2063027975035965,0.1299293354644706,700,002367.npy
-0.00012632101319615363,0.00438545699776869,-0.043776507435155196,0.5479447168818443,498,002368.npy
-0.0004528628190350177,0.009851645077828671,0.12485126341569866,0.1567642304745105,1929,002369.npy
-0.0006313148216814827,0.008284826315494693,-0.04281233613718565,0.025553521123022005,1810,002370.npy
0.00019327977010432157,0.009220158447413052,0.06549632176142829,-0.14774657468114194,1595,002371.npy
-0.0014906532096175375,0.0053583355969417466,-0.33731637386142105,0.31248429631194874,205,002388.npy
-0.0006827399037834055,0.006622013715691337,0.13396032564353377,0.08306322480823392,69,002395.npy
-0.00027943976413182637,0.00816292527408802,0.3065089634993857,-0.2548633149023427,81,002396.npy
-0.001044398992408201,0.009617290406342353,0.343018304100601,0.05376598015039047,197,002409.npy
-0.0011921543021907984,0.004918993954453266,-0.11391362720624368,0.8734713100665408,199,002410.npy
0.001387295613585593,0.007629510852023511,0.49823260072438535,0.5800776947799711,70,002411.npy
6.251166353627292e-05,0.00986327333021683,0.020607178608707873,0.015766146523427782,1430,002424.npy
-0.0008631481846829334,0.00613190223626754,0.10365437809295011,-0.054045045999106645,76,002425.npy
-0.001229875213270086,0.005356965243901389,-0.14395359285418996,-0.23889107672664878,76,002427.npy
-0.0009510305379063938,0.005647409764638589,0.09312447928056361,-0.26884740390352,431,002460.npy
-0.00023405548685328563,0.003731844883680097,0.23063046245787044,0.015681162555269967,503,002461.npy
-0.0005050630830415508,0.0049613160650486595,0.04602791607032869,0.458913683451319,751,002462.npy
-0.0002796892134332059,0.009300271834955255,0.05377885330135418,-0.09942634508420856,480,002463.npy
-0.0020636534468210167,0.012684333122995998,-1.6316952424206743,7.134175504255621,2102,002468.npy
0.0003277785363969124,0.008290824517237462,-0.0457064628567917,-0.0327574767891452,3102,002469.npy
0.00025506729472390174,0.0081608824937525,0.08478145012464156,0.11296884764798687,1460,002470.npy
-0.00040905187509657307,0.004704429736941537,-0.9334492109995747,6.09017027513028,186,002472.npy
0.0001474823092707322,0.008981845839756827,-0.273441073014641,-0.44360461714647004,61,002484.npy
-0.0006760301750748315,0.004639841004116428,-0.0009206663790975551,-0.24895895597221607,72,002492.npy
-0.0014933118033862319,0.010303757045309893,0.0915637682312172,-0.22296993573229695,71,002505.npy
-0.0003295704296635512,0.00920925942623384,0.36782841224856666,0.44651402224562853,58,002506.npy
-0.0006726769925815368,0.0073623880910795355,-1.0985888999221176,8.114055357908288,1781,002512.npy
-0.0003032856106767109,0.0028131960673492998,-1.4058752155623662,11.922091390921118,6738,002513.npy
-0.00029704341447648713,0.0070885237822915165,-0.15780545391876555,1.5552786310861988,6230,002514.npy
-0.000289322276330518,0.005576643410495543,-0.36055596639039006,2.0280235281851287,6659,002515.npy
-0.00031371486990753076,0.006747550555009775,0.0004557001514614583,-0.07044653350910224,115,002529.npy
-0.0002671172863473117,0.009908210610587815,-0.08096275370190475,-0.38649647017469535,138,002530.npy
-0.00010978428887635043,0.008322256102979557,0.16760797732982413,-0.3150989054455251,192,002531.npy
-0.00044250000753570076,0.011141072008837172,-0.019642066367660645,-0.39309473668866923,170,002540.npy
-0.0011304337221427162,0.010044372577739484,-0.11557140314727729,0.06620858888950254,196,002548.npy
-0.0009750700902548485,0.007026800058381881,-0.6071771488395586,3.3412790942117647,1535,002549.npy
-0.0007741427632222933,0.006674832932395747,-1.814508411292442,11.147760777170769,1549,002550.npy
-0.0005278846004381014,0.007677765357176249,-0.059357305008130405,1.0841552880667242,1689,002551.npy
-0.00020740177422985358,0.009242649540519095,-0.06315589627461357,-0.6335438469333785,62,002561.npy
-0.0005327575870553854,0.007844546186943514,0.08262652511902341,-0.2009545265409578,381,002562.npy
0.0004419081057582436,0.005064191150752911,-0.017603765056855385,-0.16873166432983,58,002563.npy
-0.004817317977947249,0.0075168310626749805,0.16214774248833563,0.8522098691849882,76,002568.npy
-0.0005561498566930358,0.006698974917782113,0.02635046952904847,-0.29672296444067436,391,002572.npy
-7.485259166339645e-05,0.003661715410493801,-0.024527519105561273,1.3985506083416137,846,002585.npy
-0.0003450778351574352,0.009359227207275826,0.07223374078051605,0.1044382431901636,641,002586.npy
-0.00015138640211730242,0.010479945879952457,-0.056535029036668835,0.016986020828906767,713,002587.npy
-0.0008209350479765658,0.005362133635027933,0.3986698091496824,0.483399262387302,436,002589.npy
-0.000980476836188723,0.008178706766092426,0.037151415560945075,-0.05328778898542241,453,002590.npy
-0.0011535152446292508,0.007816156816895927,0.21261153352551673,0.4072095922026717,279,002591.npy
0.0011998589396617324,0.007777059899061777,-0.36719494573397965,-0.7314949873023675,53,002592.npy
-0.00048404353158124693,0.005390364616452959,0.011277919265092431,-0.03414522675130138,467,002596.npy
-0.0007159392457705347,0.005014392652652117,-0.5188538576778493,1.6519950755481583,170,002597.npy
-0.0010291225169723852,0.005489322604318434,0.0634759985535373,-0.2760347641104177,145,002598.npy
0.0016227727200589731,0.009284321917631079,0.1931732456710076,-0.283511875962688,87,002599.npy
-0.0017934324482716825,0.010702218624501303,-0.22105930468015905,-0.21266388597387076,91,002609.npy
-0.0016923448073235575,0.006320815871925514,0.053952908816015714,-0.1448613606566589,99,002610.npy
-0.0011141273736773821,0.006930340357783707,0.774500701523349,1.4089470010771858,99,002613.npy
-0.001686168853681128,0.007968978196209928,0.37245836689385775,-0.022142651328991736,124,002614.npy
-0.0015015297723979437,0.006270044867328188,0.0818338195125123,-0.2482859272493143,118,002615.npy
-0.0006478608008216571,0.010612937580801087,0.016339446380584738,-0.12032104483857387,1048,002617.npy
-0.0006266714833566481,0.004302163343068227,0.4565878496663801,0.5230848264801038,1072,002618.npy
-0.0004573440756818761,0.004777028804313934,0.40027746554874066,0.3434677684269629,867,002619.npy
-0.0008335764354781311,0.010481719217405261,0.04349140213838858,-0.18879460849150487,145,002628.npy
-0.00040186212269464753,0.008965483765323495,0.00885736629895902,0.14692916683670187,5379,002629.npy
-0.00044683785066193635,0.007675819104069897,-0.0012938936870717688,0.4318618961528329,6094,002630.npy
-0.00029099997834822325,0.007489369027559125,0.012466067236139933,0.14574032012516458,6081,002631.npy
-0.0008052140290888092,0.0083336421043787,0.00044873213068505623,0.003913801797514438,1187,002636.npy
-0.0026478997889777625,0.010470539476802602,0.1705350642731562,-0.04732628136806083,75,002664.npy
-0.002355443724843451,0.01230818704633823,-1.0527360692515169,3.6816517607303147,555,002668.npy
-0.0012742436528377708,0.006069880575883315,-0.9794215473681446,2.0139170612921067,282,002669.npy
-0.0006409284790048123,0.004271170292051941,-1.0047032892229353,2.778355655040702,383,002670.npy
-0.00043672493644707195,0.007246596661086511,-0.34137193860464105,0.3233112949857744,261,002671.npy
-0.0011312087327413874,0.011443780300012337,0.15273242832485123,0.23977449163583797,99,002684.npy
-0.003745884894539622,0.013916987219379418,-0.4852505948654538,1.4443553340929958,405,002688.npy
-5.4903804036695485e-05,0.010462648720432116,0.002959158872827964,0.18228316511098575,1628,002689.npy
-0.0002776280862862052,0.0037476800070149934,-0.27610387533774133,3.025992751595436,1220,002690.npy
-0.000762271036280436,0.007730379692606231,-0.9261443278420243,4.30839209665719,1052,002691.npy
-0.001099554823322481,0.00682704142675842,-0.27379874782976515,0.9741797561001988,79,002717.npy
-0.0012264652749693667,0.008927169064800676,-0.07043937901227665,0.650263243068665,65,002718.npy
-0.0010129043588168187,0.005466786371685517,0.35862098493630895,1.0699523414638357,93,002719.npy
0.00030718008806931296,0.005227763841784866,1.064672979533109,2.6072727667404347,101,002732.npy
-0.0009522036347089461,0.00537269926693039,0.28490334446417653,0.39096427806338774,193,002736.npy
-0.00010287046357656695,0.00889037079454459,0.12806033182246032,-0.4461470079356964,70,002737.npy
-0.00036950926772657443,0.004788079251935933,0.22016229153304487,-0.33588611248664924,55,002738.npy
0.00028061570165763527,0.004663486051886876,0.4016352587768442,-0.04661230956581308,55,002739.npy
-0.00013223953850843666,0.005011916263691365,0.3052750417932509,-0.35721575948614825,91,002740.npy
-0.0008548119517534828,0.0076924688979036525,0.24254003081795608,-0.08670994193692216,202,002748.npy
-7.313009382751597e-05,0.007268790255560859,-0.23545075606144242,0.4904656902441955,270,002752.npy
-0.0008693243598508273,0.009427257227349209,0.06549439913844655,-0.2713279814843501,57,002774.npy
0.00041426020823438206,0.008508678082838948,-0.14326781176804573,0.2846323448455621,1250,002784.npy
-0.0004028372924041912,0.006386807888730465,0.2500762373036132,0.6989350052166841,958,002793.npy
2.0049898206692025e-05,0.007569262819009922,-0.03285183686942696,-0.06842564658474792,1180,002794.npy
-0.0007994764736407415,0.008900912288692745,-0.12580479176881473,0.16365987287734285,816,002795.npy
0.0005580872389145952,0.006515599873222011,-0.18805707327915885,0.6745949369684894,64,002804.npy
-0.00010539409095979346,0.007000817095599587,0.19882854799054028,0.14025712745912733,218,002810.npy
-0.0002628666803400711,0.009640237851393037,-0.046763056192846576,0.1852876310242233,107,002811.npy
-0.0006143656395356438,0.006434315316180367,0.29142893719632007,-0.1306829720507059,261,002832.npy
-0.0010341856992358352,0.009288366988250462,-0.3547077516897155,1.1111627425181565,531,002833.npy
-0.0007470976959146102,0.010026096137987753,-0.5459452621128169,1.9998602282205162,588,002834.npy
-0.0015463631566120578,0.008613325918515331,-0.8963812884460687,3.72189696214787,529,002835.npy
4.325372389179062e-06,0.00952783788633527,-0.16151521509458291,0.11180137610066287,110,002836.npy
-0.0002715937937505753,0.004533209890352491,0.04331921987460458,1.7499375173330627,6293,002845.npy
-0.0003609177116388196,0.009300732005987205,-0.021495487620974734,0.13615310636847022,6277,002846.npy
-0.00018616844676812885,0.0048289602431095344,0.21111465809488744,1.9256198198719465,6137,002847.npy
-0.0014084940317360406,0.005659747055673241,-0.36502870544647037,1.4535280830291377,64,002851.npy
-0.00302280783490177,0.008520781692762866,-1.0745006812009656,5.828844722578614,1707,002853.npy
-0.0031715994233583395,0.008750765632453902,-0.9447024761400675,4.929262653223281,1444,002854.npy
-0.0026422461966736322,0.011958753744374226,-0.1664618587699334,0.9971778010531827,1434,002855.npy
-0.00030671485008722287,0.00982887406210673,0.06058108123838586,0.24229347872032925,97,002865.npy
-0.002663809989922141,0.008008159935372202,-0.09185640751964781,-0.005849790116865261,95,002866.npy
-0.0003768455630658233,0.004278034224344483,0.7227136847842168,2.4545548758344076,90,002867.npy
-0.0005510008908493747,0.007193497564977027,0.15910509283265362,0.5143334681400105,798,002872.npy
-0.0009461394788436214,0.008313183566581164,-0.04795650835376331,-0.4997781699970565,74,002882.npy
-0.0009713518752146468,0.009480982620158885,-0.12147422832726233,-0.45193263592107025,57,002883.npy
-0.0009580455124997013,0.008416532381889026,-2.67568048237292,13.87485707638874,103,002892.npy
-0.000689346229372514,0.0044878224453955475,0.4935230417808891,0.7895093719683133,87,002904.npy
-0.0013286047342262464,0.009297686260007876,-0.5622590298275952,0.08062441013128518,64,002905.npy
-0.001119895301657849,0.0034387057787791143,-0.2836015776924983,-0.23396781473195993,62,002906.npy
-0.00023119043244310377,0.003267780889119999,0.38136700294326603,-0.18429809383068418,57,002907.npy
-0.0008162764925198063,0.008104189766307252,0.2398665480377185,0.11699532212335217,523,002914.npy
1.0623703193086562e-05,0.009286073714999444,-0.21431374834047226,-0.4139359935558016,131,002917.npy
-0.0001872717600319912,0.0064605675601785385,0.2072606598589852,0.23436452592586088,227,002918.npy
0.0001232951788054948,0.007244702901277571,0.1131438048943514,0.0008622307636891868,1186,002933.npy
-0.0002274246796410453,0.005760498197272462,0.03140472778805197,0.06143457902218685,1098,002934.npy
1.5296483476245283e-05,0.0051617676292407275,0.002552824196379252,0.6726682215314832,1004,002935.npy
-0.0005059726504116822,0.010682781093248973,-0.074588365275399,-0.09813601090363866,448,002936.npy
-0.0015290932325032454,0.005389209477064153,1.1603584953578456,4.782792429300641,110,002937.npy
-0.0009531522241637243,0.00976096851267816,-0.07258717275510182,0.011617897827780777,175,002938.npy
-9.138277046915378e-05,0.0037679121329625906,0.45220906374874825,0.5017557444034386,141,002939.npy
-0.0008289013776754544,0.004828481966778447,-0.1103258752859427,0.28998753865493754,178,002940.npy
-0.00032059027633460406,0.006229962336067309,-0.20899610493100243,0.6417398733292341,55,002953.npy
-0.00025585633973509845,0.005514560197952522,0.25210174807944713,0.4864446003734151,152,002955.npy
-9.439752698719936e-05,0.009730045837970585,-0.053428623939833296,0.0010871419144971028,3202,002956.npy
-0.000787612365548621,0.006094470889703776,-0.5834758157022202,2.867923723200475,316,002957.npy
-0.0004826085952091473,0.00913330078605936,0.13771583058756914,0.009754723654721076,280,002958.npy
-0.0006827294120543263,0.010645774346398658,0.09012751442957885,0.3932241072895515,213,002959.npy
-0.000556653918824906,0.0066086278553517674,0.26498520156217314,0.10817556992381272,81,002960.npy
0.0001181010607155567,0.00777075170119412,0.04548618757365375,-0.46843867604297795,106,002961.npy
-0.0005638434748915541,0.004622119822324014,0.3980643512535694,0.028799238929531068,72,002962.npy
0.0007392921112477779,0.0054043255551480185,-0.273959371010752,-0.07385264128000113,75,002963.npy
-0.0001052032992191298,0.009623589415552265,0.0475517643808577,0.5169528105167203,355,002964.npy
-0.00110355985896727,0.006623414894719518,-0.019473603160537308,-0.5047128954965201,236,002965.npy
-0.001503067812277609,0.004196593723409432,0.3664829248578088,3.1276927565292203,154,002966.npy
-0.0010131952683645688,0.00853986438342745,-0.10133048813240735,-0.21227661020179678,235,002967.npy
-6.450674495478228e-06,0.0032843014408790627,0.09981680354002635,0.10208451369925653,10845,002972.npy
-0.0015459097082925958,0.008698813485415659,-0.35409652258662305,1.2534507139456856,2184,002980.npy
-0.0009730663620687735,0.00693662533013621,0.20290217691674678,-0.11185820232749633,52,002984.npy
-0.00031810094583306636,0.008255463063969529,0.8658615977283233,1.8675498354750397,64,002989.npy
-0.0007759628090340966,0.008598256657541926,0.323377940520762,0.6877549893150849,106,002991.npy
-0.000926631485127375,0.0056617957350067576,-0.11448711657717314,2.3488998048845238,1283,003000.npy
-0.0010067435273193876,0.0070012672278976125,-0.20897187431384623,1.151393381161454,4275,003004.npy
-0.0018154068855058833,0.011300796682514942,-0.09846823777419485,0.5340158436067619,2029,003005.npy
-0.0015068291524104162,0.009797042037653865,-0.01818838063686585,0.363405739700684,1797,003006.npy
-0.0013161156247384705,0.006591252424207476,0.15956792361752453,2.5104506200083287,1659,003007.npy
-0.0006757463207524652,0.003728491826524184,-1.033756412265197,4.863116659530514,215,003016.npy
6.437732372432947e-05,0.008222060508176133,0.017085840160412903,-0.4365961847033404,211,003024.npy
-0.00219504270466777,0.006010162667914059,0.25152873889112204,1.6723945482962153,516,003029.npy
-0.0016446687971643592,0.0068984043118324,0.5902442128533137,3.9028793248603417,527,003030.npy
-0.0021091964046092313,0.006563039463817518,-0.17431440339555815,0.645716973184161,465,003031.npy
-0.0005617490038753627,0.010152200657917283,-0.175339379827239,0.8477326363652415,6067,003040.npy
-0.0003368287409739889,0.007955230879581162,-0.5155218315625376,2.4948497743464744,4688,003041.npy
-0.00036156846388086606,0.010629457275936111,-0.23094060351145715,1.0112316977746687,4781,003042.npy
-0.0004295644543681025,0.0047201682908975485,-1.9469880693180726,16.299633069406887,4254,003043.npy
-0.00032132048015583956,0.008928141544320312,0.06327681350080758,-0.08962018162940533,69,003080.npy
-0.005150747122928131,0.014860790952313593,-0.5190794910323597,-0.3487428383676554,89,003096.npy
-0.002330767134985739,0.009444452990245537,-1.8668764167317249,6.954784210679785,573,003097.npy
-0.003820752733036313,0.011372448401567686,-1.3733424257077438,3.8177004884862518,546,003098.npy
-0.0028716564608602907,0.010651497217508755,-2.6452031428228158,12.469858754913558,464,003099.npy
-0.0015706963661498055,0.009659412597178497,-0.19968226453630353,0.27503093508826426,2596,003100.npy
-0.003786882329034691,0.0071362507947017395,-0.6876440168312994,0.9785494235370646,58,003101.npy
-0.0053413328509122945,0.009015964338275772,-0.5634441717672134,0.527666156287776,60,003103.npy
-0.001112342992235186,0.0045747854952872995,-0.1063440065485156,1.90715752908205,106,003106.npy
-0.00029394186925716124,0.008098378358245962,-0.6056220656970308,4.132870369005457,65,003112.npy
-0.001744281401256875,0.007893793786182903,-0.1296453487308954,1.9907310339647974,430,003113.npy
-0.0013471650422372608,0.00882805577307569,0.08869900446076323,0.2663117649908653,728,003114.npy
-0.0012632900666579429,0.006323534360000506,-0.22588541091090591,2.2724748550554867,846,003115.npy
-0.0007960621327253069,0.006408083678969444,0.19899574227945654,0.5314435760228742,165,003117.npy
7.34796743451227e-05,0.008798155056309894,-0.10309508471194075,-0.43262379629056325,256,003118.npy
-0.0011674754953375727,0.006461623491998568,0.10274701689618192,0.9531567156806258,247,003119.npy
-0.0012126861951297732,0.00461544507340566,0.6763417103404938,9.19246038736629,727,003133.npy
-0.0014265545705760864,0.010589726447033007,-0.09832464827678046,0.11230303575714551,740,003134.npy
-0.0005562979513689419,0.004492065996968491,0.062073378800106195,1.5883553479774815,787,003135.npy
-0.002006337013303964,0.00772070788618231,-0.2612639225186462,0.027737932605704785,189,003140.npy
-0.0026273975035522577,0.008188488720731328,-1.2343957343729342,5.503540572464432,805,003145.npy
-0.002217707346595715,0.009724444883921414,-0.2897693044696578,0.15338978226063693,829,003146.npy
-0.002358697167140875,0.008836561524756618,-0.41780273952681357,0.958469984253838,829,003147.npy
-0.0009135964651748004,0.004566385090339664,0.8809932847742626,2.1305109364864743,137,003148.npy
-0.0006317016139902876,0.009901284534267963,-0.07864649946752467,0.3145528023512867,384,003149.npy
-0.0003664199486105112,0.01032875951490993,-0.06285329479475496,-0.14815764943861787,410,003150.npy
-0.0005799732141389694,0.004393322815651189,0.3164519138414045,-0.00803287600174718,403,003151.npy
-0.002497806197732336,0.006887440466572127,-0.5718901127186707,1.1623634262027238,154,003184.npy
-0.0005192079068971826,0.006898167918898791,0.12542594364931992,0.10674556750420905,2109,003185.npy
-0.000670043591022274,0.006470747695901312,0.14945694087204134,0.25025763147461744,1783,003186.npy
-0.0009269347841153532,0.010121677903412032,-0.07517401594807747,0.2560345281743168,2398,003187.npy
0.0002414890841201842,0.006255378378356501,-0.10160364185519652,-0.0983520900137349,554,003193.npy
-0.0003698800931931417,0.010370547221851156,0.021134629054129606,-0.5951992710307552,433,003194.npy
-0.0003774341520924777,0.00379473228226043,0.25656673082741227,0.17158277095474528,220,003195.npy
9.9007721428353e-06,0.010030741001194872,-0.07007829216986747,0.2352997749466268,770,003196.npy
-0.0011758862090420373,0.007299352067504719,-4.550648222626157,34.88719552516618,3452,003197.npy
-0.0004933829857315938,0.006592527544879605,-3.131176905804997,41.82642517911992,4072,003198.npy
-0.0013957566853121503,0.012055673704335166,-1.231656279124005,5.920374873221624,2890,003199.npy
