file,min,max,mean,std
002414.npy,-0.005448122974485159,1.7634851932525635,0.7071040249389355,0.25138679321825896
003066.npy,0.0253855399787426,1.2609144449234009,0.36283772985575524,0.23638927493550096
003082.npy,-0.003783908672630787,1.404181718826294,0.5165423855074459,0.1924791152472825
001230.npy,-0.009529157541692257,1.35677969455719,0.20825485089599383,0.2150245184939796
000925.npy,0.02465991862118244,1.0767593383789062,0.20336751457443825,0.13870058880665448
002501.npy,0.02443603426218033,1.102625846862793,0.3658778020794671,0.11392702585897685
001403.npy,-0.005511264782398939,2.802309989929199,0.5301663638227749,0.41353041067189944
002044.npy,0.021409422159194946,1.7528527975082397,0.6105467041170414,0.28216239211138
003169.npy,0.0045502809807658195,1.256439208984375,0.15210672149225957,0.1545275478616108
001283.npy,0.047673169523477554,0.8560153841972351,0.2445048735507953,0.09685506833121958
002923.npy,-0.008313187398016453,1.8650274276733398,0.46336864737406813,0.2316694833112271
000905.npy,0.042155977338552475,1.7376128435134888,0.6889822707983058,0.20936609500165615
003058.npy,0.011182083748281002,1.2326525449752808,0.5318042928200271,0.14214546412197276
002348.npy,-0.004883132874965668,1.8507379293441772,0.43648553818684377,0.3430324475070734
002954.npy,-0.01407618634402752,1.5329573154449463,0.4295639023870459,0.30640669581223307
003168.npy,0.01266790647059679,1.5528974533081055,0.40284857774588545,0.36400513431354103
000881.npy,-0.00027643752400763333,1.2276297807693481,0.36759672434320656,0.18305200425129728
002844.npy,0.03969883173704147,1.5399770736694336,0.598050406253833,0.2033679428571013
000544.npy,0.029602469876408577,1.2694653272628784,0.6649783433127823,0.14473465235034672
001571.npy,0.026649944484233856,1.299206256866455,0.1909078519428249,0.09866655201716464
001507.npy,0.0026264304760843515,0.8689112663269043,0.19584162680367,0.13125211075390983
001064.npy,-0.011065536178648472,1.4709594249725342,0.5751168172072125,0.32599825556040474
002534.npy,0.0472172386944294,1.175142765045166,0.4780507612188103,0.14149107081086224
001912.npy,0.018772704526782036,1.3265403509140015,0.433643843410664,0.23112158396059176
001954.npy,-0.009076145477592945,1.0946727991104126,0.05609213962283288,0.056294538478096796
000385.npy,0.012659026309847832,1.3794084787368774,0.3264371042185985,0.14956846599425486
000463.npy,0.0017707941588014364,1.615815281867981,0.5426027390723931,0.31613015716047
001647.npy,-0.005836801137775183,1.718570590019226,0.34896039031830384,0.34801302919952515
000067.npy,0.023658355697989464,1.972350835800171,0.45278434105932774,0.2266019146824523
003154.npy,-0.0034201659727841616,1.6644710302352905,0.29039404549786063,0.21251840561991692
002682.npy,0.011802572757005692,1.591335654258728,0.22801224338405746,0.2657044106854038
000636.npy,-0.0027690117713063955,1.2026019096374512,0.13503988038051418,0.1097901188624388
001172.npy,-0.020591644570231438,1.7676550149917603,0.3689182787909018,0.2739489508875756
001021.npy,0.0004276994150131941,1.1862332820892334,0.220391720786985,0.132009977744027
001770.npy,0.04821360111236572,1.3079144954681396,0.5917299352936425,0.1423221655318297
001437.npy,0.006693508476018906,1.414992094039917,0.3832274299866185,0.16990243119996784
000767.npy,-0.004106389358639717,1.1151635646820068,0.2509285893536344,0.23255706238128868
000440.npy,-0.012056397274136543,1.5755449533462524,0.5676063508259248,0.258321419327662
002182.npy,-0.003850312205031514,2.173588991165161,0.6242961641560072,0.2771744694035104
000021.npy,0.00935346819460392,1.357407808303833,0.3827952435870543,0.15801536827745802
001138.npy,0.01693589799106121,1.5769355297088623,0.5259645174551224,0.26590332730847427
001374.npy,-0.007233089301735163,1.8289228677749634,0.47689841947364187,0.31641862926482567
000287.npy,0.014256511814892292,1.1131172180175781,0.17946400410181695,0.10687797362241183
000261.npy,-0.017529716715216637,1.7410006523132324,0.25017789274603675,0.23198015188751428
001776.npy,0.02810342237353325,1.6096012592315674,0.5885283850921041,0.25468230435451494
003131.npy,-0.0013458397006615996,1.925841212272644,0.8199543138277718,0.2540624668122688
000792.npy,0.06693112850189209,1.943975567817688,0.6933754581000358,0.2237600602142345
000090.npy,0.014425993897020817,1.3038978576660156,0.4806474998637782,0.18000527957136178
001958.npy,0.011032558977603912,1.4704649448394775,0.36395302074481606,0.25681095258267467
000830.npy,0.03689641132950783,1.1031663417816162,0.33041955420685554,0.09813322197237506
002813.npy,-0.014878573827445507,1.4689010381698608,0.4659231717263097,0.3045516832227009
000016.npy,0.0014606405748054385,1.633302927017212,0.7981013901656482,0.23810390083961763
000693.npy,-0.005499911494553089,1.0395537614822388,0.15998448603761872,0.13965323149789066
002496.npy,0.0030977753922343254,1.2643500566482544,0.46668882267999834,0.2680637532068963
002340.npy,0.01474116649478674,1.0571227073669434,0.4924308179271861,0.12819222042415343
003147.npy,-0.011529330164194107,1.071946144104004,0.1634652970611108,0.1268126943141157
002213.npy,-0.0019204388372600079,0.7143865823745728,0.10850423726629543,0.05069649192445101
003167.npy,-0.009917193092405796,1.4125088453292847,0.5008191384683203,0.26917464481203374
002071.npy,-0.011731131933629513,1.3277287483215332,0.10974319955363487,0.11854287584381
001372.npy,0.0058767725713551044,1.4627307653427124,0.4498133311168999,0.19232036983158665
001421.npy,0.020462021231651306,1.6898027658462524,0.6615457838595376,0.26677912713415597
000141.npy,0.0038119570817798376,1.4998538494110107,0.4696422873520447,0.2628370866350648
002992.npy,0.011290095746517181,2.127609968185425,0.45225504381164683,0.33485412143265036
003170.npy,-0.013500583358108997,1.316507339477539,0.1540432479788787,0.17280561698016256
002401.npy,0.03507007658481598,1.2273956537246704,0.5255070110192719,0.16411358199289058
002018.npy,0.0026625990867614746,1.4740886688232422,0.4551588107981388,0.2102083338759119
001347.npy,0.015936505049467087,1.7174501419067383,0.6022094680456576,0.2330538892336122
001513.npy,-0.004737306386232376,0.8418155312538147,0.13520471166828862,0.1060329679731272
001543.npy,0.01827276311814785,1.9286178350448608,0.816347849437193,0.21933624142356625
000215.npy,-0.021401099860668182,1.2242555618286133,0.3162141937995788,0.16728344001852846
000435.npy,0.011358978226780891,1.1533465385437012,0.20892632095745967,0.12482411410182986
001000.npy,0.010919785127043724,1.055996060371399,0.27689204157792346,0.1401334520059541
000143.npy,-0.013941802084445953,1.8428360223770142,0.46634472009356287,0.2941994700981301
000265.npy,-0.016084827482700348,1.5665563344955444,0.24550760537387567,0.15418937419325388
003119.npy,-0.019865278154611588,1.0782268047332764,0.09414018431050275,0.07270379178563556
001953.npy,-0.019169555976986885,1.0700773000717163,0.053085420275685385,0.0579682154366584
002320.npy,-0.006879052612930536,1.2380038499832153,0.5412160101085703,0.22805983588616116
000933.npy,-0.015135060995817184,1.0900812149047852,0.1543593562003851,0.15486710326545522
002597.npy,-0.019600683823227882,1.3385447263717651,0.3021790529481887,0.21993024059669697
000454.npy,-0.0007677272660657763,1.4218688011169434,0.8040290164902402,0.1781626350959813
001212.npy,-0.006177747156471014,1.1831560134887695,0.2910324087904068,0.23332017911215644
001658.npy,-0.0003718638909049332,1.3298680782318115,0.4648255579795908,0.2720870660056422
002890.npy,0.05102161690592766,1.357569694519043,0.468167695997181,0.13561541297687088
002327.npy,0.0014865855919197202,1.5407730340957642,0.7144496274214092,0.2259771046838381
002128.npy,-0.0022730077616870403,1.5593115091323853,0.4730158151415367,0.2660577691196006
002525.npy,0.0037794988602399826,1.7192025184631348,0.6170095864535199,0.26019425568366206
000426.npy,-0.037273768335580826,1.2903519868850708,0.10142162862027941,0.171570822427402
001753.npy,0.027046848088502884,1.4480172395706177,0.5267185203174449,0.3118746749091061
001312.npy,0.018773488700389862,1.2067394256591797,0.5039684309622317,0.18302169039099891
000070.npy,-0.02270873822271824,1.3567489385604858,0.16972231197324764,0.16312561231169495
001991.npy,-0.01087102759629488,1.5493773221969604,0.5312292288002425,0.27481604504057927
002014.npy,-0.0004965405096299946,1.1491730213165283,0.3124016668333063,0.2227696370402795
002599.npy,-0.01322784461081028,2.054816961288452,0.3003572856162733,0.2510193103621052
000249.npy,-0.025946633890271187,1.5035511255264282,0.1388258223827912,0.1572750068488156
002301.npy,0.0002573431411292404,1.5431768894195557,0.41075509141932365,0.19156224372696437
002727.npy,-0.00598211120814085,1.5345474481582642,0.19124934935597726,0.12779931679433962
002423.npy,0.016546152532100677,1.3636804819107056,0.4119212104833423,0.1900467285672672
002300.npy,0.04976404830813408,1.4950871467590332,0.6396353943084705,0.18403872615110622
002131.npy,0.17351217567920685,1.5734279155731201,0.8126565724523971,0.15855460188433976
001038.npy,0.06282049417495728,1.475682020187378,0.6211741529609753,0.19839424940610623
002286.npy,-0.01751880533993244,1.4036178588867188,0.17636059612888322,0.17401259780880227
000101.npy,0.015084805898368359,1.3369637727737427,0.5185784527811279,0.21755777204236568
001161.npy,0.021263260394334793,1.589980125427246,0.5988973710597065,0.23068922781987616
001025.npy,0.03199159353971481,1.6311582326889038,0.464579938210818,0.24997595477517415
001026.npy,0.041395559906959534,1.4841102361679077,0.4665372788811055,0.23856895547483195
002098.npy,0.014012940227985382,1.5542933940887451,0.6817712390899828,0.23284468083417423
000580.npy,0.009349117055535316,1.321516990661621,0.601702778027061,0.22442555316579793
002563.npy,-0.007587042637169361,1.524429202079773,0.3994241984447015,0.24694692094085705
002673.npy,0.010528609156608582,1.2529650926589966,0.5490571062379104,0.17993446220966125
002946.npy,0.006778659764677286,1.3689500093460083,0.4372631488498939,0.1779186074349073
000334.npy,-0.017006900161504745,1.077805757522583,0.2687595316041913,0.16241644255418683
000611.npy,0.015423212200403214,1.089024305343628,0.24600607583204237,0.12223213571160037
001686.npy,0.003950844053179026,1.6383076906204224,0.6932864741040135,0.30555935277091206
003016.npy,-0.017813120037317276,1.3847558498382568,0.6296267666933164,0.25651380426533726
002398.npy,0.012303085997700691,1.2451131343841553,0.6103085609013306,0.14229954767966443
001270.npy,0.005227307789027691,1.9865169525146484,0.7163231764361626,0.308782233393134
001618.npy,-0.0007143764523789287,1.3209319114685059,0.4255751360401021,0.26747638015558073
002221.npy,0.0005962624563835561,1.6693063974380493,0.3888128819386978,0.2878727740327413
001445.npy,-0.019015176221728325,1.0581953525543213,0.07972457996729998,0.12591848010587428
000267.npy,-0.003227122128009796,1.165313720703125,0.24263040756557075,0.15331878918764022
003004.npy,-0.02071666531264782,0.9309089183807373,0.13728359544098762,0.14323079460052746
000370.npy,0.03258855640888214,1.28480064868927,0.49900889893024214,0.17159581348882932
000522.npy,0.01331943366676569,1.4328187704086304,0.5349052673067831,0.22976133728530132
000849.npy,-0.002723179291933775,1.4288114309310913,0.34342739733668415,0.2574540475242422
000813.npy,-0.01737506315112114,1.6100140810012817,0.27135003317234724,0.2359744390912544
001736.npy,-0.01817452348768711,1.3550430536270142,0.3400723902426268,0.2453363900402863
002069.npy,-0.0164040494710207,1.1803886890411377,0.12356570433811448,0.12108208094393265
000892.npy,-0.0030874591320753098,1.7060357332229614,0.43274519359806973,0.22072621560144168
002266.npy,0.022538550198078156,1.3715780973434448,0.1673760295672082,0.17232786020439575
002885.npy,0.007483481429517269,1.3120877742767334,0.43717449078758364,0.18154604637430335
000361.npy,0.03659052401781082,0.6901639103889465,0.1797631141130296,0.049459416465522626
002921.npy,0.024041995406150818,1.2044501304626465,0.49669226173523384,0.18149908199471415
001473.npy,0.02311241626739502,1.6456737518310547,0.5627412772777234,0.2524441244105925
000488.npy,-0.00701033603399992,1.2619285583496094,0.16027154985115022,0.14825576668911805
001121.npy,0.004156166221946478,1.2748479843139648,0.2482166798919252,0.17576471354483786
002949.npy,0.05582122132182121,1.6060218811035156,0.5805228806502782,0.24409352271065396
002326.npy,-0.005649573169648647,2.19136643409729,0.6974164785472183,0.269343278499004
001214.npy,-0.004593424499034882,1.7545747756958008,0.5136035119771236,0.3303350587295927
002336.npy,-0.013325144536793232,1.9168363809585571,0.594822060055484,0.3312718541826671
002207.npy,0.09434131532907486,1.6345041990280151,0.7626229397210409,0.2745316773710331
000478.npy,0.06624384224414825,1.3783621788024902,0.4489152075702805,0.19705906176719973
002092.npy,-0.007469718810170889,1.4080523252487183,0.44933141981647395,0.2354818965310891
001258.npy,0.048897162079811096,1.6320480108261108,0.5654726051291163,0.1740798373513498
000806.npy,-0.013470419682562351,1.6821249723434448,0.24879518633340347,0.2701898595609889
000653.npy,-0.0008366330876015127,1.1368703842163086,0.20015224949221277,0.12955354815714906
002709.npy,0.14303997159004211,1.4771960973739624,0.6637265951358131,0.17590785168288114
001798.npy,-0.007643909193575382,1.786939263343811,0.2949952240719931,0.3049616033298494
000786.npy,-0.0021433881483972073,1.119644284248352,0.11344497433526612,0.12977081544531305
001977.npy,0.1691134124994278,1.2529171705245972,0.6029305819483852,0.13555602364478953
002134.npy,-0.0015594105934724212,1.737439751625061,0.41587931125310007,0.18947576835656252
000262.npy,-0.019125856459140778,1.2942086458206177,0.24656226040433626,0.23420075617407257
000901.npy,-0.017590530216693878,1.20900559425354,0.1604459814996551,0.17003785420410855
001612.npy,-0.001591983949765563,1.7640511989593506,0.49329008922866535,0.2918565135167184
002284.npy,-0.03064076043665409,1.3121495246887207,0.25893511029223926,0.1495034107219722
002631.npy,-0.0436224527657032,1.351584553718567,0.15478186699898389,0.21042561688447084
001207.npy,-0.004506489261984825,2.5976853370666504,0.43845580487374236,0.3233170152353794
001368.npy,-0.0009609873523004353,1.3061697483062744,0.2532387565279275,0.2402377547149804
001499.npy,-0.013850968331098557,1.5184848308563232,0.43454791135995696,0.3671345553516192
002514.npy,-0.02272094413638115,1.2006988525390625,0.14575956024767867,0.17265069125073296
001933.npy,0.02216992899775505,1.5831849575042725,0.5334803116533067,0.2152165463686663
000739.npy,0.008286061696708202,1.5492063760757446,0.6278127905670203,0.2989737669297206
001907.npy,-0.011211426928639412,1.6475266218185425,0.7773517490237509,0.22534643592541048
000535.npy,0.024670394137501717,1.3348820209503174,0.4493147710510357,0.17857867229842683
000785.npy,0.001122244051657617,1.0706326961517334,0.10934229644235671,0.12958483347681796
000030.npy,0.018358992412686348,1.4125330448150635,0.49012827870183173,0.21634775661150493
000918.npy,0.001980035798624158,1.3708373308181763,0.5630551533564727,0.17374646816872985
002293.npy,0.006767068989574909,1.3711504936218262,0.2629623824067835,0.19985863935642176
000496.npy,0.0804297924041748,1.4256553649902344,0.6617957053995269,0.2543207755477419
001359.npy,0.02387790009379387,1.1492568254470825,0.3484877702985614,0.09744704053145062
001685.npy,-0.00029901109519414604,1.4139020442962646,0.677533330051519,0.2944450374321259
001083.npy,-0.018747540190815926,2.2822182178497314,0.5206521049836894,0.3208786651701152
000280.npy,0.008074736222624779,1.531416416168213,0.5609565866484445,0.2321270448024294
002770.npy,0.06626152992248535,0.9734165668487549,0.4404872815334784,0.10941378325351751
001721.npy,-0.01366456225514412,1.0495704412460327,0.330631283309091,0.16397501375166323
002927.npy,0.05272394418716431,1.5418825149536133,0.5072825216798265,0.21837322719770272
002268.npy,0.0064507718198001385,1.6065058708190918,0.3876895147051016,0.2722444540627806
000759.npy,-0.013077305629849434,1.201658010482788,0.25425893484020534,0.2113098767857078
002816.npy,-0.0024416532833129168,1.7053136825561523,0.27584240633652257,0.17292185391179557
002894.npy,0.009186404757201672,1.8431166410446167,0.4473334462711023,0.2544380649113835
002308.npy,0.0031140788923949003,1.4052186012268066,0.2813016458961215,0.24061554711647842
001819.npy,-0.026274120435118675,1.2437196969985962,0.27606454058255053,0.27336492322289213
000239.npy,-0.006139049772173166,1.396330714225769,0.456130879147544,0.1949193345587194
000572.npy,-0.019128786399960518,0.9155817627906799,0.27650312192885707,0.18502582318967603
000367.npy,-0.012570544146001339,1.3239837884902954,0.13188705449665794,0.1368838153689165
002101.npy,0.008661597035825253,1.3301167488098145,0.5116097752680844,0.2931861292990064
000628.npy,-0.017010491341352463,1.799695372581482,0.5085044785815716,0.2955276983366429
002950.npy,0.09305945038795471,1.4031579494476318,0.5896619743539304,0.1932778109292584
000336.npy,-0.010582868941128254,1.2631781101226807,0.417496324692459,0.24603535866806286
000337.npy,-0.01732419990003109,1.3499630689620972,0.19689450267190767,0.14165954065191777
000719.npy,0.02122606337070465,1.6617859601974487,0.40784324653100157,0.230385900415005
001204.npy,0.002364884130656719,1.3422306776046753,0.3096143756918508,0.17416906135455837
003106.npy,-0.008165623061358929,1.3616054058074951,0.0939275904068892,0.13029078892280802
000405.npy,0.010777882300317287,0.916359007358551,0.26757148651421403,0.11440725527045416
001049.npy,0.006462460849434137,1.72585129737854,0.7904871017221637,0.27872616307370507
000875.npy,0.010121814906597137,1.4630552530288696,0.3741330570098853,0.14043324027946716
001814.npy,0.007385483477264643,1.3843746185302734,0.4696657165334557,0.2155363632048338
001137.npy,0.025054611265659332,1.4715760946273804,0.4815384967914724,0.2867871213569789
002054.npy,-0.014744930900633335,1.4424442052841187,0.34550345931973503,0.21616680067775912
001956.npy,0.010833055712282658,1.318471074104309,0.38296006648073444,0.1752596080758747
001914.npy,0.020150955766439438,1.2357202768325806,0.20566648856686243,0.16972264110233415
001859.npy,-0.019989915192127228,1.564004898071289,0.4412166322188469,0.19962907987102146
000231.npy,0.0008118398254737258,1.9050774574279785,0.563559882200984,0.2751533436536133
001642.npy,0.011095014400780201,0.9515014290809631,0.2237648954013025,0.09835742820229329
000716.npy,0.023282814770936966,1.1062906980514526,0.2825408285955291,0.20443589579986626
001239.npy,-0.011558907106518745,1.0531493425369263,0.17844148449364194,0.15185024340338674
002596.npy,-0.002302335575222969,1.2956678867340088,0.08542968244302074,0.14461866800230994
001486.npy,-0.005148499272763729,1.527726650238037,0.5028381619153528,0.33534986469302636
002218.npy,-0.02137063816189766,1.0558017492294312,0.051728014904907804,0.0713723821672775
000897.npy,-0.001409234944730997,1.8503696918487549,0.6554405939247019,0.308434880127221
000992.npy,-0.00810548011213541,1.5226043462753296,0.19531976922805327,0.16020901203380106
002159.npy,0.0010010082041844726,1.2517802715301514,0.4726300851192704,0.23658610214441275
000480.npy,-0.0075058541260659695,1.1418941020965576,0.2333022689348958,0.13455411915639612
001046.npy,0.005219154059886932,1.6568362712860107,0.5554704645802531,0.21267058582101972
000689.npy,-0.009127471596002579,1.365378975868225,0.4477707347375812,0.25461979435450305
003021.npy,-0.00585018889978528,1.732680082321167,0.26809250115436356,0.19738892654366447
003075.npy,0.04427256062626839,1.2865123748779297,0.31193445097733274,0.10872830931558393
002447.npy,0.001363340299576521,2.0684406757354736,0.6294158012906905,0.22709733749666863
002617.npy,-0.009947660379111767,1.339766025543213,0.2674589399912428,0.2929290122685832
001483.npy,0.007377123925834894,1.5010488033294678,0.7799959470359283,0.21572628258452964
001411.npy,-0.00956061389297247,1.6002562046051025,0.11655603754818245,0.1675581651585068
000515.npy,-0.006165447179228067,1.525276780128479,0.6128263467403752,0.27773868428436904
000971.npy,0.022958191111683846,1.6149479150772095,0.4708527688766253,0.23510176419308917
000108.npy,-0.015983982011675835,1.476680040359497,0.31416207837216936,0.20227750220116153
002915.npy,-0.010521150194108486,1.5796208381652832,0.11661753956071241,0.11585885012087271
001816.npy,-0.003969609271734953,1.512873649597168,0.46876444119074634,0.3233192871160179
002168.npy,0.007671722676604986,1.567857265472412,0.7023424680766368,0.250152139299168
002743.npy,0.04155704006552696,1.478947401046753,0.5466024568393095,0.19904659852588374
001177.npy,-0.0010821560863405466,1.6543841361999512,0.3676126443045167,0.2433253621563351
000834.npy,-0.005621906369924545,1.5833990573883057,0.31546181564425224,0.27640402025661986
001349.npy,0.020794721320271492,1.5631494522094727,0.7688337877699496,0.19356357240837094
001623.npy,0.021144641563296318,1.4630215167999268,0.6043392393895601,0.2563901829415663
002276.npy,0.006654682103544474,0.982171356678009,0.28670996191559084,0.13403331541713734
002125.npy,0.005368327256292105,1.283305048942566,0.36837828644135584,0.2020026003069603
003077.npy,0.014696097932755947,1.4451954364776611,0.5602834783773574,0.2165110999409684
002600.npy,0.019130537286400795,1.4669640064239502,0.47917024060495805,0.2586815664017246
002344.npy,-0.024305906146764755,1.3550881147384644,0.22624440667524995,0.2422574772863511
001008.npy,0.004069770220667124,1.6237263679504395,0.40552443869015065,0.2527350970415149
000407.npy,0.02776731550693512,1.0268436670303345,0.30093799898759244,0.12158038132223711
001479.npy,-0.011778704822063446,1.302415370941162,0.25072861089195886,0.17711126944477643
001127.npy,0.00046970616676844656,1.3431401252746582,0.42582813972811984,0.22679559039557712
001267.npy,-0.0017041992396116257,1.4851669073104858,0.2444851783848172,0.3054449637847119
002847.npy,-0.012943662703037262,1.3360406160354614,0.13088011891661522,0.17375179869579074
003047.npy,0.030849279835820198,1.4726752042770386,0.6580654862065103,0.18990055334050535
001493.npy,0.0005878010997548699,1.359971046447754,0.3226814479396083,0.37667439657252527
001377.npy,-0.003243496175855398,1.6383448839187622,0.500913154582193,0.21337977674576408
000914.npy,-0.012784942053258419,1.0957393646240234,0.34079940557433197,0.1847150796772249
000825.npy,-0.0038022783119231462,1.221381425857544,0.18475887372616207,0.17316909214548468
000799.npy,-0.016594018787145615,1.0127180814743042,0.11261559074881838,0.12590157113011616
001845.npy,-0.0011820319341495633,0.9662271738052368,0.20003833752937528,0.09678068230943845
001099.npy,-0.01553034596145153,1.3926914930343628,0.19970290898645793,0.2008477685367952
003193.npy,-0.0068406215868890285,1.46612548828125,0.4817386958767731,0.36576436937312373
001657.npy,-0.009237305261194706,1.8149044513702393,0.42955265576031465,0.28152909871180964
000171.npy,-0.0132308229804039,1.4897433519363403,0.3127740914917183,0.12292689216778245
002052.npy,-0.03809485584497452,2.2656333446502686,0.4233221871533824,0.4290515174431346
002141.npy,0.07819956541061401,1.5687613487243652,0.8589963298732073,0.14996646943248357
002377.npy,0.029596608132123947,2.0496561527252197,0.6363613273379087,0.2970592706707738
001712.npy,0.00829390250146389,1.4394042491912842,0.5349311745859495,0.31091917988828177
001619.npy,-0.006329950410872698,1.2546793222427368,0.2869650583890766,0.19550706842939228
002019.npy,0.00594462500885129,1.2197543382644653,0.4617230003908901,0.19907397315459988
002984.npy,-0.006774236913770437,1.64109468460083,0.6012225914432134,0.2710133014607237
000569.npy,-0.034639060497283936,1.9142647981643677,0.4272073522954689,0.2512104863846833
000117.npy,0.023566581308841705,1.149064064025879,0.3709001177792288,0.1545473537335887
001361.npy,0.07854479551315308,1.58317232131958,0.5094377238979177,0.20144202373448045
001284.npy,0.01944594457745552,1.4550797939300537,0.6580807957818706,0.22977208894700116
000200.npy,0.025155717507004738,1.3390864133834839,0.44500999420995413,0.19494772671801308
000867.npy,0.08543851226568222,1.2497416734695435,0.5416397252256502,0.18163747738502553
000949.npy,-0.020360028371214867,1.3334078788757324,0.18353721273542128,0.15933862269002427
002154.npy,0.06601007282733917,1.3637267351150513,0.5211808917042617,0.22491404940202103
000193.npy,-0.01167250331491232,1.711517333984375,0.20692150757974082,0.21666747884082074
001967.npy,0.02423081547021866,1.477177381515503,0.5564349363005476,0.281395336924403
000126.npy,-0.0027524642646312714,1.2542839050292969,0.30598727863203834,0.2311687278340713
002399.npy,0.005891813430935144,1.3521337509155273,0.5401190713767221,0.1216789074814825
001793.npy,0.00975864939391613,1.43888258934021,0.7136798189619071,0.2504947636940809
003179.npy,0.016859615221619606,1.261615514755249,0.3919646668667838,0.22398569871064267
002020.npy,0.012647773139178753,1.3686403036117554,0.30019765094306194,0.18812529875227293
000902.npy,-0.01194508746266365,1.2351901531219482,0.18968268100395197,0.18012238415419723
001656.npy,0.011455848813056946,1.6596274375915527,0.8248554842493832,0.28190448548202857
001332.npy,0.0018707248382270336,1.418126106262207,0.36245044809294313,0.2582641816408393
000469.npy,-0.01647542417049408,1.8649146556854248,0.29014154044159146,0.23344188676894354
002365.npy,-0.0037509663961827755,1.7177362442016602,0.30390560716692405,0.3751072886682911
000495.npy,0.10026668012142181,1.324272871017456,0.5117100771885816,0.17234438213884207
002333.npy,-0.0023796630557626486,1.7615678310394287,0.2043118921873628,0.09819621478624642
002367.npy,-0.01108673494309187,1.5329126119613647,0.373924462380131,0.3909698415748962
000547.npy,-0.005462156608700752,1.5147747993469238,0.44445933784204783,0.28543767832405703
001275.npy,-0.031596437096595764,1.4886083602905273,0.2541867986163068,0.2122867939398603
001442.npy,-0.0014185153413563967,1.0986157655715942,0.38258924239402603,0.158236707496295
001495.npy,0.0012830095365643501,1.3656481504440308,0.4107595639080728,0.40097161847560125
000288.npy,0.0008970584603957832,1.8360623121261597,0.5458144520233681,0.30856847552225114
000821.npy,-0.018701527267694473,1.0079494714736938,0.0490274753963385,0.07328601047672616
001674.npy,-0.005333125591278076,1.0827419757843018,0.1968680889365455,0.12051540906212517
000219.npy,0.000547077739611268,1.5921134948730469,0.5544459687922227,0.3808500162124227
001625.npy,0.053545352071523666,1.3912580013275146,0.622653325500778,0.23032379203440403
001330.npy,-0.013467196375131607,1.5572935342788696,0.20943168163376358,0.19257882949333974
000300.npy,-0.00033107379567809403,0.30497196316719055,0.08154518410480271,0.031671021782525156
001640.npy,0.0028706942684948444,0.9369664192199707,0.19369745284018336,0.10560624472629468
001259.npy,0.09886728972196579,1.9607398509979248,0.59523750533981,0.16637999774167575
000316.npy,0.07648557424545288,1.0745362043380737,0.4983986611723594,0.08686680047098067
000497.npy,0.009118038229644299,1.035514235496521,0.29615960760833104,0.166184131736164
002874.npy,0.12387725710868835,1.7155498266220093,0.8623995895759435,0.1809371628416222
002517.npy,0.05522257462143898,1.433284878730774,0.5086284217929915,0.17819030715978587
001683.npy,0.0436633937060833,1.3658866882324219,0.3712129219888993,0.22511710126622722
000254.npy,0.00028404590557329357,1.8821721076965332,0.7033560181455112,0.27376928324310745
002980.npy,-0.008434217423200607,1.19131338596344,0.24387049008701853,0.21386621604959402
001994.npy,-0.016020163893699646,1.7327173948287964,0.32878709713678766,0.20669505673759994
001653.npy,0.029418447986245155,1.3772519826889038,0.6259165905731834,0.2084730910674785
002888.npy,0.03382251784205437,1.5607999563217163,0.6044117396729689,0.20957859631591982
002985.npy,0.00021894920791964978,1.691450834274292,0.5766168687094888,0.18685972545815654
000059.npy,0.036060359328985214,1.328811526298523,0.5081800459306578,0.1985610321473582
001879.npy,0.0011903210543096066,1.5640844106674194,0.3475245064841772,0.2713028677172434
002373.npy,0.014642583206295967,1.5873217582702637,0.3912800049362204,0.22533225987642502
000713.npy,-0.011719722300767899,1.3903815746307373,0.25714241117085446,0.24497241477323267
000938.npy,0.08546685427427292,1.4504667520523071,0.5409691494323852,0.18846044850123025
000953.npy,0.039685167372226715,1.260081171989441,0.4494374982464251,0.182673965806555
002314.npy,-0.0021250294521450996,1.9033241271972656,0.3535331761437348,0.24354837079953098
000373.npy,0.0029476466588675976,1.3754167556762695,0.4417385852788982,0.16864580054451092
000102.npy,0.0089112538844347,1.4814188480377197,0.5089463833819536,0.2254916878910792
000574.npy,0.31107789278030396,1.7662807703018188,0.9295710080732533,0.1642664178104071
001929.npy,0.0037744520232081413,1.0883784294128418,0.35076658204178557,0.15391281178709193
000442.npy,-0.007974846288561821,1.3923182487487793,0.5701904485737153,0.24219515368305802
002435.npy,0.023165186867117882,1.1804187297821045,0.3359166561890561,0.18177692957848685
000180.npy,-0.028949929401278496,1.5262212753295898,0.08974015119277179,0.16222556937625746
001354.npy,0.02769613265991211,1.355297565460205,0.4674423007968471,0.20429904393927642
002382.npy,0.026433687657117844,1.243064284324646,0.36015843574648443,0.1962368615205232
001285.npy,0.12564240396022797,1.0922737121582031,0.5177603303973228,0.12768394376309095
000441.npy,-0.006426031235605478,1.4868288040161133,0.5707584773595125,0.2841596324621245
000805.npy,-0.011975843459367752,1.6367017030715942,0.16608429392190854,0.1973687777642948
002952.npy,-0.005911075975745916,1.629403829574585,0.3747848533884053,0.27201354282329
000518.npy,-0.017859265208244324,1.7600131034851074,0.7019751840259758,0.25513506878010256
003033.npy,-0.007606552913784981,1.5089592933654785,0.5554625339228778,0.24330843595177104
001978.npy,0.23033463954925537,1.1905142068862915,0.5880754352529038,0.1319416720072361
000981.npy,0.11464781314134598,1.3454371690750122,0.6770712194788757,0.14259785339046566
002639.npy,0.023918544873595238,1.4307178258895874,0.4978948491668689,0.186537312033087
001016.npy,0.0012461354490369558,1.5071285963058472,0.3570043054074432,0.22435787265344045
000125.npy,-0.016493653878569603,1.3121445178985596,0.31235302503649276,0.24037051074911936
001185.npy,0.016548996791243553,1.1834748983383179,0.40863344948149916,0.1598781992777712
001834.npy,-0.012788751162588596,1.1424105167388916,0.20635255740619662,0.17107814453647152
000631.npy,0.02813478745520115,1.757582187652588,0.5267512691253842,0.22471029948660978
001007.npy,-0.0019805273041129112,1.6913950443267822,0.3555733949004676,0.24434612547616388
002815.npy,-0.0061179716140031815,1.9517335891723633,0.4160938005321828,0.307231217601716
000257.npy,0.020504191517829895,1.651675820350647,0.452570658447371,0.2526585423994251
002434.npy,0.018614014610648155,1.2881196737289429,0.35938948901059575,0.18818960851066646
001765.npy,0.017802324146032333,1.4659922122955322,0.5180363419347032,0.2478345557897402
000290.npy,0.00721616018563509,1.0506641864776611,0.3175053208682357,0.13637310682886716
002166.npy,0.015870951116085052,1.6553961038589478,0.6569933115429194,0.20225088218865825
001885.npy,-0.011820622719824314,1.8325014114379883,0.8844258436968744,0.21725267315299354
002826.npy,0.11071157455444336,1.451827883720398,0.627654071177858,0.1725730741884013
000565.npy,0.09653982520103455,1.8831855058670044,0.5887842190027186,0.20409431599916503
002148.npy,-0.012808610685169697,1.7509280443191528,0.35612496679165073,0.2817649697082785
001919.npy,-0.004976235330104828,1.3262698650360107,0.2962906299516469,0.18505038912138433
000706.npy,0.09715753048658371,1.1580641269683838,0.41540577182013294,0.14090221704293254
002415.npy,0.011050510220229626,1.5161793231964111,0.7041277574062974,0.23975520661908845
002077.npy,-0.012506204657256603,1.1906670331954956,0.2769068623854402,0.19652389227204847
000995.npy,0.02036522887647152,1.3505371809005737,0.489186021733758,0.20621723176721476
002273.npy,-0.014077166095376015,1.2717258930206299,0.050182127668004006,0.10764044419404388
002184.npy,0.0018134037964046001,1.4983832836151123,0.35073858499785615,0.2720896793250227
002796.npy,0.019321883097290993,2.271376848220825,0.7512840747715472,0.305630977860449
002072.npy,0.0013644046848639846,1.4783860445022583,0.38962607790153214,0.2302431134877696
002543.npy,0.005447970237582922,1.3628957271575928,0.2535059058463105,0.23792181189714162
002649.npy,0.04649373143911362,1.3379449844360352,0.4954720916691713,0.21293618310745827
001679.npy,0.0034715039655566216,0.9832221269607544,0.21435353972563576,0.14402748017520325
001202.npy,0.010891641490161419,1.5688116550445557,0.45734636003635387,0.25045270562615163
001254.npy,0.04584281146526337,1.7166461944580078,0.5331686174743027,0.20030538871314812
003136.npy,0.020820142701268196,1.2691832780838013,0.23603625366138203,0.14416975101556784
002298.npy,0.023326830938458443,1.1630955934524536,0.3161479115826751,0.12033790931292483
002762.npy,0.008571553975343704,1.5333935022354126,0.8763928293778918,0.16403566140577325
001494.npy,-2.3847065676818602e-05,1.623703956604004,0.41147653557103514,0.408201403619612
001931.npy,0.0005396426422521472,1.483648657798767,0.35558294972457105,0.16535629869756632
002781.npy,0.016284996643662453,1.4101258516311646,0.3275507253725891,0.1825254832414115
000465.npy,0.04447676241397858,1.9289053678512573,0.5419267166780628,0.25556856571241343
000643.npy,0.11447028815746307,1.728360891342163,0.9586621758880938,0.15618521117838374
001781.npy,0.18641246855258942,1.1702797412872314,0.6509460280822168,0.12247553033844334
000264.npy,0.009956884197890759,1.547632098197937,0.4294745690269792,0.2771377023354702
000066.npy,-0.012073433957993984,1.2096883058547974,0.37390982907508885,0.15553613012446277
002861.npy,0.0097108855843544,1.2123479843139648,0.3482882349743477,0.1410429568379035
001973.npy,-0.021976564079523087,1.6219404935836792,0.17637713957265977,0.2803792293958018
002956.npy,-0.028458409011363983,1.4194499254226685,0.5077514840625243,0.35449877350387504
002725.npy,0.006495353300124407,1.0230671167373657,0.2161248811918881,0.1362317016787114
001463.npy,0.01838410459458828,1.856590986251831,0.6136708709908589,0.37426844430398387
002834.npy,-0.011381687596440315,1.1990803480148315,0.2606094218309636,0.19196205014649195
000942.npy,0.00830379780381918,1.3463521003723145,0.46130744182431727,0.32790851554792083
001817.npy,-0.022693289443850517,1.3248507976531982,0.2244788393612781,0.2513368126009861
001337.npy,0.013792634941637516,1.2876847982406616,0.36627126590218495,0.14823662508675176
001268.npy,0.01936078816652298,1.4122319221496582,0.3575534729246783,0.2409501917057536
001301.npy,0.0173567533493042,1.5285158157348633,0.589715217628509,0.22636523881728798
002428.npy,0.012082717381417751,1.4895555973052979,0.7829959196223513,0.21022840129116022
000241.npy,0.0059731025248765945,1.6347813606262207,0.8946171861692847,0.1917676872608717
000555.npy,-0.026813535019755363,1.3114266395568848,0.42630944992371544,0.28622168331751324
001371.npy,0.010347189381718636,1.1722468137741089,0.4779228362920094,0.15853302734917588
002405.npy,0.002449272433295846,1.4689441919326782,0.7609421690026323,0.2608724033839035
001062.npy,-0.017176805064082146,1.343932867050171,0.2861831310693965,0.2218052302131875
002409.npy,-0.015031123533844948,1.295291781425476,0.3136085820707215,0.18294991341867425
001487.npy,0.017331350594758987,1.5774279832839966,0.617206249263063,0.30150680518953676
001561.npy,0.00999763235449791,1.5607738494873047,0.5544549038337436,0.311780062767205
000315.npy,0.0005488616297952831,2.3746886253356934,0.5563480848585165,0.3037659021297406
002795.npy,-0.021677900105714798,1.2868804931640625,0.3003133572634997,0.18817947495881596
000353.npy,0.011142777279019356,0.7935044169425964,0.26517022484000563,0.09157739879904613
000391.npy,0.0025112235452979803,1.052471399307251,0.11817228077599395,0.089610448097029
002239.npy,-0.012855598703026772,1.35356867313385,0.29638305821070193,0.245682211000153
003110.npy,0.031769298017024994,1.732501745223999,0.6904829697220976,0.255043416207751
000993.npy,0.030756063759326935,1.3246101140975952,0.5058113894558574,0.20802158898375736
