file,cluster,split
000000.npy,7,train
000001.npy,11,train
000002.npy,11,train
000003.npy,11,train
000004.npy,0,train
000005.npy,4,train
000006.npy,4,train
000007.npy,4,train
000008.npy,3,train
000009.npy,3,train
000010.npy,3,train
000011.npy,3,train
000012.npy,4,train
000013.npy,5,train
000014.npy,5,train
000015.npy,5,train
000016.npy,5,train
000017.npy,2,val
000018.npy,2,val
000019.npy,2,val
000020.npy,2,val
000021.npy,11,train
000022.npy,11,train
000023.npy,11,train
000024.npy,3,train
000025.npy,4,train
000026.npy,4,train
000027.npy,4,train
000028.npy,2,val
000029.npy,8,train
000030.npy,8,train
000031.npy,8,train
000032.npy,2,val
000033.npy,2,val
000034.npy,2,val
000035.npy,2,val
000036.npy,11,train
000037.npy,2,val
000038.npy,2,val
000039.npy,2,val
000040.npy,3,train
000041.npy,3,train
000042.npy,3,train
000043.npy,3,train
000044.npy,0,train
000045.npy,8,train
000046.npy,8,train
000047.npy,8,train
000048.npy,7,train
000049.npy,8,train
000050.npy,8,train
000051.npy,8,train
000052.npy,2,val
000053.npy,0,train
000054.npy,0,train
000055.npy,1,train
000056.npy,1,train
000057.npy,8,train
000058.npy,8,train
000059.npy,8,train
000060.npy,10,train
000061.npy,8,train
000062.npy,8,train
000063.npy,8,train
000064.npy,9,val
000065.npy,11,train
000066.npy,11,train
000067.npy,6,train
000068.npy,10,train
000069.npy,7,train
000070.npy,7,train
000071.npy,7,train
000072.npy,0,train
000073.npy,3,train
000074.npy,3,train
000075.npy,3,train
000076.npy,1,train
000077.npy,7,train
000078.npy,4,train
000079.npy,7,train
000080.npy,2,val
000081.npy,1,train
000082.npy,1,train
000083.npy,1,train
000084.npy,11,train
000085.npy,2,val
000086.npy,3,train
000087.npy,3,train
000088.npy,9,val
000089.npy,8,train
000090.npy,8,train
000091.npy,8,train
000092.npy,11,train
000093.npy,7,train
000094.npy,7,train
000095.npy,7,train
000096.npy,3,train
000097.npy,1,train
000098.npy,11,train
000099.npy,1,train
000100.npy,1,train
000101.npy,3,train
000102.npy,3,train
000103.npy,8,train
000104.npy,6,train
000105.npy,1,train
000106.npy,4,train
000107.npy,1,train
000108.npy,1,train
000109.npy,0,train
000110.npy,7,train
000111.npy,7,train
000112.npy,0,train
000113.npy,8,train
000114.npy,8,train
000115.npy,5,train
000116.npy,8,train
000117.npy,11,train
000118.npy,11,train
000119.npy,11,train
000120.npy,10,train
000121.npy,1,train
000122.npy,0,train
000123.npy,1,train
000124.npy,1,train
000125.npy,1,train
000126.npy,1,train
000127.npy,1,train
000128.npy,6,train
000129.npy,3,train
000130.npy,11,train
000131.npy,11,train
000132.npy,2,val
000133.npy,8,train
000134.npy,11,train
000135.npy,8,train
000136.npy,4,train
000137.npy,7,train
000138.npy,7,train
000139.npy,7,train
000140.npy,3,train
000141.npy,3,train
000142.npy,3,train
000143.npy,3,train
000144.npy,11,train
000145.npy,10,train
000146.npy,10,train
000147.npy,10,train
000148.npy,6,train
000149.npy,10,train
000150.npy,10,train
000151.npy,10,train
000152.npy,1,train
000153.npy,9,val
000154.npy,9,val
000155.npy,9,val
000156.npy,1,train
000157.npy,7,train
000158.npy,7,train
000159.npy,7,train
000160.npy,1,train
000161.npy,4,train
000162.npy,0,train
000163.npy,4,train
000164.npy,8,train
000165.npy,8,train
000166.npy,11,train
000167.npy,11,train
000168.npy,2,val
000169.npy,2,val
000170.npy,2,val
000171.npy,11,train
000172.npy,2,val
000173.npy,10,train
000174.npy,10,train
000175.npy,10,train
000176.npy,11,train
000177.npy,10,train
000178.npy,2,val
000179.npy,10,train
000180.npy,7,train
000181.npy,4,train
000182.npy,4,train
000183.npy,4,train
000184.npy,8,train
000185.npy,4,train
000186.npy,4,train
000187.npy,4,train
000188.npy,4,train
000189.npy,1,train
000190.npy,1,train
000191.npy,1,train
000192.npy,2,val
000193.npy,7,train
000194.npy,7,train
000195.npy,7,train
000196.npy,8,train
000197.npy,8,train
000198.npy,8,train
000199.npy,8,train
000200.npy,3,train
000201.npy,9,val
000202.npy,9,val
000203.npy,9,val
000204.npy,11,train
000205.npy,3,train
000206.npy,11,train
000207.npy,11,train
000208.npy,3,train
000209.npy,6,train
000210.npy,6,train
000211.npy,0,train
000212.npy,4,train
000213.npy,1,train
000214.npy,3,train
000215.npy,11,train
000216.npy,7,train
000217.npy,1,train
000218.npy,9,val
000219.npy,9,val
000220.npy,11,train
000221.npy,6,train
000222.npy,6,train
000223.npy,6,train
000224.npy,8,train
000225.npy,4,train
000226.npy,4,train
000227.npy,4,train
000228.npy,1,train
000229.npy,8,train
000230.npy,8,train
000231.npy,8,train
000232.npy,4,train
000233.npy,4,train
000234.npy,4,train
000235.npy,4,train
000236.npy,6,train
000237.npy,11,train
000238.npy,3,train
000239.npy,3,train
000240.npy,0,train
000241.npy,5,train
000242.npy,5,train
000243.npy,5,train
000244.npy,3,train
000245.npy,2,val
000246.npy,2,val
000247.npy,2,val
000248.npy,9,val
000249.npy,7,train
000250.npy,7,train
000251.npy,7,train
000252.npy,10,train
000253.npy,5,train
000254.npy,9,val
000255.npy,5,train
000256.npy,5,train
000257.npy,3,train
000258.npy,3,train
000259.npy,0,train
000260.npy,4,train
000261.npy,0,train
000262.npy,0,train
000263.npy,0,train
000264.npy,10,train
000265.npy,4,train
000266.npy,4,train
000267.npy,4,train
000268.npy,10,train
000269.npy,7,train
000270.npy,7,train
000271.npy,7,train
000272.npy,2,val
000273.npy,10,train
000274.npy,10,train
000275.npy,10,train
000276.npy,7,train
000277.npy,4,train
000278.npy,4,train
000279.npy,4,train
000280.npy,8,train
000281.npy,10,train
000282.npy,0,train
000283.npy,0,train
000284.npy,3,train
000285.npy,4,train
000286.npy,4,train
000287.npy,4,train
000288.npy,9,val
000289.npy,11,train
000290.npy,11,train
000291.npy,11,train
000292.npy,7,train
000293.npy,10,train
000294.npy,10,train
000295.npy,10,train
000296.npy,1,train
000297.npy,11,train
000298.npy,11,train
000299.npy,11,train
000300.npy,7,train
000301.npy,1,train
000302.npy,7,train
000303.npy,7,train
000304.npy,4,train
000305.npy,6,train
000306.npy,8,train
000307.npy,8,train
000308.npy,10,train
000309.npy,11,train
000310.npy,11,train
000311.npy,11,train
000312.npy,11,train
000313.npy,10,train
000314.npy,10,train
000315.npy,10,train
000316.npy,8,train
000317.npy,2,val
000318.npy,3,train
000319.npy,3,train
000320.npy,8,train
000321.npy,0,train
000322.npy,0,train
000323.npy,0,train
000324.npy,3,train
000325.npy,7,train
000326.npy,7,train
000327.npy,7,train
000328.npy,2,val
000329.npy,4,train
000330.npy,4,train
000331.npy,4,train
000332.npy,4,train
000333.npy,4,train
000334.npy,4,train
000335.npy,4,train
000336.npy,0,train
000337.npy,4,train
000338.npy,0,train
000339.npy,4,train
000340.npy,3,train
000341.npy,6,train
000342.npy,2,val
000343.npy,6,train
000344.npy,0,train
000345.npy,3,train
000346.npy,1,train
000347.npy,1,train
000348.npy,1,train
000349.npy,1,train
000350.npy,1,train
000351.npy,1,train
000352.npy,3,train
000353.npy,4,train
000354.npy,1,train
000355.npy,1,train
000356.npy,3,train
000357.npy,4,train
000358.npy,4,train
000359.npy,4,train
000360.npy,3,train
000361.npy,4,train
000362.npy,4,train
000363.npy,4,train
000364.npy,10,train
000365.npy,7,train
000366.npy,7,train
000367.npy,7,train
000368.npy,0,train
000369.npy,8,train
000370.npy,8,train
000371.npy,8,train
000372.npy,10,train
000373.npy,3,train
000374.npy,3,train
000375.npy,3,train
000376.npy,2,val
000377.npy,9,val
000378.npy,9,val
000379.npy,9,val
000380.npy,7,train
000381.npy,8,train
000382.npy,11,train
000383.npy,8,train
000384.npy,7,train
000385.npy,11,train
000386.npy,4,train
000387.npy,11,train
000388.npy,3,train
000389.npy,4,train
000390.npy,7,train
000391.npy,7,train
000392.npy,1,train
000393.npy,8,train
000394.npy,8,train
000395.npy,2,val
000396.npy,11,train
000397.npy,5,train
000398.npy,5,train
000399.npy,5,train
000400.npy,6,train
000401.npy,2,val
000402.npy,5,train
000403.npy,5,train
000404.npy,11,train
000405.npy,4,train
000406.npy,4,train
000407.npy,1,train
000408.npy,0,train
000409.npy,10,train
000410.npy,10,train
000411.npy,10,train
000412.npy,8,train
000413.npy,2,val
000414.npy,2,val
000415.npy,2,val
000416.npy,0,train
000417.npy,0,train
000418.npy,0,train
000419.npy,0,train
000420.npy,2,val
000421.npy,2,val
000422.npy,2,val
000423.npy,2,val
000424.npy,3,train
000425.npy,7,train
000426.npy,7,train
000427.npy,7,train
000428.npy,4,train
000429.npy,9,val
000430.npy,9,val
000431.npy,9,val
000432.npy,4,train
000433.npy,4,train
000434.npy,4,train
000435.npy,4,train
000436.npy,7,train
000437.npy,1,train
000438.npy,1,train
000439.npy,4,train
000440.npy,9,val
000441.npy,9,val
000442.npy,9,val
000443.npy,9,val
000444.npy,4,train
000445.npy,8,train
000446.npy,8,train
000447.npy,8,train
000448.npy,0,train
000449.npy,4,train
000450.npy,4,train
000451.npy,4,train
000452.npy,1,train
000453.npy,5,train
000454.npy,5,train
000455.npy,5,train
000456.npy,8,train
000457.npy,1,train
000458.npy,1,train
000459.npy,1,train
000460.npy,3,train
000461.npy,10,train
000462.npy,10,train
000463.npy,10,train
000464.npy,1,train
000465.npy,10,train
000466.npy,10,train
000467.npy,10,train
000468.npy,8,train
000469.npy,1,train
000470.npy,1,train
000471.npy,1,train
000472.npy,6,train
000473.npy,6,train
000474.npy,5,train
000475.npy,5,train
000476.npy,7,train
000477.npy,3,train
000478.npy,3,train
000479.npy,3,train
000480.npy,4,train
000481.npy,6,train
000482.npy,6,train
000483.npy,6,train
000484.npy,2,val
000485.npy,2,val
000486.npy,2,val
000487.npy,2,val
000488.npy,7,train
000489.npy,11,train
000490.npy,11,train
000491.npy,11,train
000492.npy,4,train
000493.npy,11,train
000494.npy,9,val
000495.npy,9,val
000496.npy,2,val
000497.npy,1,train
000498.npy,1,train
000499.npy,1,train
000500.npy,2,val
000501.npy,8,train
000502.npy,8,train
000503.npy,8,train
000504.npy,0,train
000505.npy,1,train
000506.npy,1,train
000507.npy,1,train
000508.npy,5,train
000509.npy,4,train
000510.npy,4,train
000511.npy,4,train
000512.npy,5,train
000513.npy,10,train
000514.npy,10,train
000515.npy,10,train
000516.npy,2,val
000517.npy,2,val
000518.npy,2,val
000519.npy,2,val
000520.npy,8,train
000521.npy,10,train
000522.npy,10,train
000523.npy,10,train
000524.npy,6,train
000525.npy,11,train
000526.npy,8,train
000527.npy,8,train
000528.npy,4,train
000529.npy,9,val
000530.npy,9,val
000531.npy,3,train
000532.npy,11,train
000533.npy,3,train
000534.npy,3,train
000535.npy,3,train
000536.npy,4,train
000537.npy,11,train
000538.npy,11,train
000539.npy,11,train
000540.npy,5,train
000541.npy,0,train
000542.npy,0,train
000543.npy,0,train
000544.npy,2,val
000545.npy,6,train
000546.npy,6,train
000547.npy,6,train
000548.npy,10,train
000549.npy,7,train
000550.npy,7,train
000551.npy,7,train
000552.npy,2,val
000553.npy,9,val
000554.npy,9,val
000555.npy,9,val
000556.npy,4,train
000557.npy,5,train
000558.npy,5,train
000559.npy,5,train
000560.npy,3,train
000561.npy,10,train
000562.npy,10,train
000563.npy,10,train
000564.npy,8,train
000565.npy,8,train
000566.npy,8,train
000567.npy,2,val
000568.npy,10,train
000569.npy,6,train
000570.npy,6,train
000571.npy,6,train
000572.npy,1,train
000573.npy,5,train
000574.npy,5,train
000575.npy,5,train
000576.npy,3,train
000577.npy,2,val
000578.npy,2,val
000579.npy,2,val
000580.npy,10,train
000581.npy,0,train
000582.npy,0,train
000583.npy,0,train
000584.npy,11,train
000585.npy,11,train
000586.npy,11,train
000587.npy,11,train
000588.npy,0,train
000589.npy,6,train
000590.npy,9,val
000591.npy,9,val
000592.npy,10,train
000593.npy,8,train
000594.npy,8,train
000595.npy,8,train
000596.npy,5,train
000597.npy,8,train
000598.npy,11,train
000599.npy,11,train
000600.npy,10,train
000601.npy,7,train
000602.npy,7,train
000603.npy,0,train
000604.npy,9,val
000605.npy,3,train
000606.npy,3,train
000607.npy,3,train
000608.npy,1,train
000609.npy,4,train
000610.npy,4,train
000611.npy,4,train
000612.npy,4,train
000613.npy,7,train
000614.npy,7,train
000615.npy,7,train
000616.npy,5,train
000617.npy,3,train
000618.npy,8,train
000619.npy,8,train
000620.npy,10,train
000621.npy,8,train
000622.npy,8,train
000623.npy,8,train
000624.npy,7,train
000625.npy,3,train
000626.npy,3,train
000627.npy,3,train
000628.npy,8,train
000629.npy,9,val
000630.npy,9,val
000631.npy,9,val
000632.npy,8,train
000633.npy,11,train
000634.npy,11,train
000635.npy,11,train
000636.npy,7,train
000637.npy,11,train
000638.npy,11,train
000639.npy,11,train
000640.npy,6,train
000641.npy,8,train
000642.npy,8,train
000643.npy,5,train
000644.npy,8,train
000645.npy,8,train
000646.npy,8,train
000647.npy,8,train
000648.npy,8,train
000649.npy,1,train
000650.npy,1,train
000651.npy,1,train
000652.npy,4,train
000653.npy,4,train
000654.npy,4,train
000655.npy,4,train
000656.npy,10,train
000657.npy,2,val
000658.npy,2,val
000659.npy,2,val
000660.npy,1,train
000661.npy,9,val
000662.npy,9,val
000663.npy,9,val
000664.npy,3,train
000665.npy,4,train
000666.npy,7,train
000667.npy,7,train
000668.npy,9,val
000669.npy,2,val
000670.npy,10,train
000671.npy,2,val
000672.npy,3,train
000673.npy,6,train
000674.npy,6,train
000675.npy,6,train
000676.npy,1,train
000677.npy,3,train
000678.npy,3,train
000679.npy,3,train
000680.npy,0,train
000681.npy,1,train
000682.npy,1,train
000683.npy,1,train
000684.npy,1,train
000685.npy,9,val
000686.npy,9,val
000687.npy,8,train
000688.npy,10,train
000689.npy,3,train
000690.npy,3,train
000691.npy,3,train
000692.npy,6,train
000693.npy,7,train
000694.npy,4,train
000695.npy,7,train
000696.npy,9,val
000697.npy,5,train
000698.npy,5,train
000699.npy,5,train
000700.npy,0,train
000701.npy,4,train
000702.npy,4,train
000703.npy,4,train
000704.npy,3,train
000705.npy,11,train
000706.npy,11,train
000707.npy,11,train
000708.npy,1,train
000709.npy,7,train
000710.npy,7,train
000711.npy,7,train
000712.npy,0,train
000713.npy,1,train
000714.npy,1,train
000715.npy,1,train
000716.npy,4,train
000717.npy,3,train
000718.npy,3,train
000719.npy,3,train
000720.npy,1,train
000721.npy,4,train
000722.npy,4,train
000723.npy,4,train
000724.npy,4,train
000725.npy,4,train
000726.npy,4,train
000727.npy,4,train
000728.npy,10,train
000729.npy,6,train
000730.npy,0,train
000731.npy,6,train
000732.npy,3,train
000733.npy,2,val
000734.npy,2,val
000735.npy,5,train
000736.npy,11,train
000737.npy,5,train
000738.npy,10,train
000739.npy,10,train
000740.npy,11,train
000741.npy,2,val
000742.npy,2,val
000743.npy,2,val
000744.npy,4,train
000745.npy,10,train
000746.npy,10,train
000747.npy,10,train
000748.npy,3,train
000749.npy,11,train
000750.npy,11,train
000751.npy,11,train
000752.npy,4,train
000753.npy,10,train
000754.npy,3,train
000755.npy,3,train
000756.npy,4,train
000757.npy,0,train
000758.npy,0,train
000759.npy,1,train
000760.npy,8,train
000761.npy,3,train
000762.npy,3,train
000763.npy,3,train
000764.npy,1,train
000765.npy,1,train
000766.npy,1,train
000767.npy,1,train
000768.npy,0,train
000769.npy,11,train
000770.npy,11,train
000771.npy,11,train
000772.npy,3,train
000773.npy,1,train
000774.npy,1,train
000775.npy,1,train
000776.npy,2,val
000777.npy,2,val
000778.npy,2,val
000779.npy,2,val
000780.npy,3,train
000781.npy,8,train
000782.npy,8,train
000783.npy,8,train
000784.npy,6,train
000785.npy,7,train
000786.npy,7,train
000787.npy,7,train
000788.npy,2,val
000789.npy,0,train
000790.npy,0,train
000791.npy,0,train
000792.npy,2,val
000793.npy,11,train
000794.npy,11,train
000795.npy,11,train
000796.npy,5,train
000797.npy,7,train
000798.npy,7,train
000799.npy,7,train
000800.npy,8,train
000801.npy,2,val
000802.npy,2,val
000803.npy,2,val
000804.npy,11,train
000805.npy,7,train
000806.npy,0,train
000807.npy,0,train
000808.npy,7,train
000809.npy,5,train
000810.npy,5,train
000811.npy,5,train
000812.npy,7,train
000813.npy,0,train
000814.npy,0,train
000815.npy,0,train
000816.npy,11,train
000817.npy,1,train
000818.npy,1,train
000819.npy,1,train
000820.npy,2,val
000821.npy,7,train
000822.npy,7,train
000823.npy,7,train
000824.npy,11,train
000825.npy,7,train
000826.npy,7,train
000827.npy,7,train
000828.npy,10,train
000829.npy,11,train
000830.npy,11,train
000831.npy,11,train
000832.npy,8,train
000833.npy,0,train
000834.npy,0,train
000835.npy,0,train
000836.npy,4,train
000837.npy,7,train
000838.npy,7,train
000839.npy,7,train
000840.npy,0,train
000841.npy,9,val
000842.npy,1,train
000843.npy,9,val
000844.npy,0,train
000845.npy,7,train
000846.npy,7,train
000847.npy,7,train
000848.npy,10,train
000849.npy,1,train
000850.npy,1,train
000851.npy,1,train
000852.npy,7,train
000853.npy,3,train
000854.npy,1,train
000855.npy,1,train
000856.npy,6,train
000857.npy,2,val
000858.npy,2,val
000859.npy,8,train
000860.npy,0,train
000861.npy,2,val
000862.npy,2,val
000863.npy,2,val
000864.npy,3,train
000865.npy,8,train
000866.npy,6,train
000867.npy,6,train
000868.npy,0,train
000869.npy,10,train
000870.npy,10,train
000871.npy,10,train
000872.npy,3,train
000873.npy,11,train
000874.npy,11,train
000875.npy,11,train
000876.npy,0,train
000877.npy,4,train
000878.npy,4,train
000879.npy,4,train
000880.npy,10,train
000881.npy,11,train
000882.npy,11,train
000883.npy,11,train
000884.npy,7,train
000885.npy,4,train
000886.npy,7,train
000887.npy,7,train
000888.npy,8,train
000889.npy,5,train
000890.npy,5,train
000891.npy,5,train
000892.npy,3,train
000893.npy,8,train
000894.npy,8,train
000895.npy,8,train
000896.npy,9,val
000897.npy,9,val
000898.npy,2,val
000899.npy,2,val
000900.npy,3,train
000901.npy,7,train
000902.npy,4,train
000903.npy,7,train
000904.npy,1,train
000905.npy,2,val
000906.npy,5,train
000907.npy,2,val
000908.npy,4,train
000909.npy,4,train
000910.npy,4,train
000911.npy,4,train
000912.npy,2,val
000913.npy,11,train
000914.npy,1,train
000915.npy,1,train
000916.npy,3,train
000917.npy,8,train
000918.npy,8,train
000919.npy,8,train
000920.npy,7,train
000921.npy,0,train
000922.npy,1,train
000923.npy,0,train
000924.npy,9,val
000925.npy,4,train
000926.npy,4,train
000927.npy,4,train
000928.npy,2,val
000929.npy,9,val
000930.npy,9,val
000931.npy,9,val
000932.npy,0,train
000933.npy,7,train
000934.npy,7,train
000935.npy,7,train
000936.npy,4,train
000937.npy,11,train
000938.npy,8,train
000939.npy,11,train
000940.npy,11,train
000941.npy,6,train
000942.npy,6,train
000943.npy,6,train
000944.npy,1,train
000945.npy,0,train
000946.npy,0,train
000947.npy,0,train
000948.npy,8,train
000949.npy,4,train
000950.npy,4,train
000951.npy,4,train
000952.npy,2,val
000953.npy,6,train
000954.npy,8,train
000955.npy,6,train
000956.npy,6,train
000957.npy,3,train
000958.npy,3,train
000959.npy,3,train
000960.npy,11,train
000961.npy,9,val
000962.npy,9,val
000963.npy,9,val
000964.npy,3,train
000965.npy,1,train
000966.npy,1,train
000967.npy,1,train
000968.npy,4,train
000969.npy,11,train
000970.npy,11,train
000971.npy,3,train
000972.npy,9,val
000973.npy,4,train
000974.npy,4,train
000975.npy,1,train
000976.npy,4,train
000977.npy,5,train
000978.npy,5,train
000979.npy,5,train
000980.npy,4,train
000981.npy,2,val
000982.npy,2,val
000983.npy,2,val
000984.npy,3,train
000985.npy,5,train
000986.npy,5,train
000987.npy,3,train
000988.npy,8,train
000989.npy,10,train
000990.npy,10,train
000991.npy,11,train
000992.npy,4,train
000993.npy,10,train
000994.npy,10,train
000995.npy,10,train
000996.npy,9,val
000997.npy,9,val
000998.npy,1,train
000999.npy,1,train
001000.npy,4,train
001001.npy,10,train
001002.npy,2,val
001003.npy,10,train
001004.npy,3,train
001005.npy,0,train
001006.npy,0,train
001007.npy,0,train
001008.npy,3,train
001009.npy,10,train
001010.npy,10,train
001011.npy,10,train
001012.npy,4,train
001013.npy,5,train
001014.npy,5,train
001015.npy,9,val
001016.npy,1,train
001017.npy,1,train
001018.npy,1,train
001019.npy,1,train
001020.npy,11,train
001021.npy,4,train
001022.npy,4,train
001023.npy,4,train
001024.npy,6,train
001025.npy,9,val
001026.npy,9,val
001027.npy,9,val
001028.npy,3,train
001029.npy,2,val
001030.npy,2,val
001031.npy,2,val
001032.npy,3,train
001033.npy,11,train
001034.npy,11,train
001035.npy,11,train
001036.npy,2,val
001037.npy,2,val
001038.npy,2,val
001039.npy,2,val
001040.npy,9,val
001041.npy,1,train
001042.npy,1,train
001043.npy,1,train
001044.npy,11,train
001045.npy,8,train
001046.npy,9,val
001047.npy,9,val
001048.npy,2,val
001049.npy,5,train
001050.npy,5,train
001051.npy,5,train
001052.npy,9,val
001053.npy,1,train
001054.npy,3,train
001055.npy,1,train
001056.npy,11,train
001057.npy,8,train
001058.npy,8,train
001059.npy,8,train
001060.npy,11,train
001061.npy,1,train
001062.npy,1,train
001063.npy,1,train
001064.npy,10,train
001065.npy,3,train
001066.npy,3,train
001067.npy,3,train
001068.npy,4,train
001069.npy,1,train
001070.npy,1,train
001071.npy,1,train
001072.npy,9,val
001073.npy,9,val
001074.npy,9,val
001075.npy,9,val
001076.npy,8,train
001077.npy,4,train
001078.npy,4,train
001079.npy,4,train
001080.npy,5,train
001081.npy,10,train
001082.npy,10,train
001083.npy,10,train
001084.npy,7,train
001085.npy,1,train
001086.npy,7,train
001087.npy,7,train
001088.npy,2,val
001089.npy,6,train
001090.npy,6,train
001091.npy,6,train
001092.npy,11,train
001093.npy,7,train
001094.npy,7,train
001095.npy,7,train
001096.npy,11,train
001097.npy,4,train
001098.npy,4,train
001099.npy,4,train
001100.npy,5,train
001101.npy,5,train
001102.npy,5,train
001103.npy,5,train
001104.npy,8,train
001105.npy,7,train
001106.npy,7,train
001107.npy,4,train
001108.npy,2,val
001109.npy,9,val
001110.npy,9,val
001111.npy,9,val
001112.npy,11,train
001113.npy,6,train
001114.npy,1,train
001115.npy,6,train
001116.npy,0,train
001117.npy,8,train
001118.npy,8,train
001119.npy,8,train
001120.npy,2,val
001121.npy,4,train
001122.npy,4,train
001123.npy,4,train
001124.npy,7,train
001125.npy,11,train
001126.npy,11,train
001127.npy,11,train
001128.npy,9,val
001129.npy,0,train
001130.npy,11,train
001131.npy,11,train
001132.npy,6,train
001133.npy,3,train
001134.npy,3,train
001135.npy,3,train
001136.npy,1,train
001137.npy,10,train
001138.npy,10,train
001139.npy,10,train
001140.npy,11,train
001141.npy,2,val
001142.npy,2,val
001143.npy,2,val
001144.npy,3,train
001145.npy,8,train
001146.npy,8,train
001147.npy,8,train
001148.npy,11,train
001149.npy,11,train
001150.npy,11,train
001151.npy,11,train
001152.npy,3,train
001153.npy,3,train
001154.npy,3,train
001155.npy,3,train
001156.npy,1,train
001157.npy,4,train
001158.npy,4,train
001159.npy,4,train
001160.npy,9,val
001161.npy,2,val
001162.npy,2,val
001163.npy,2,val
001164.npy,7,train
001165.npy,2,val
001166.npy,2,val
001167.npy,2,val
001168.npy,7,train
001169.npy,11,train
001170.npy,11,train
001171.npy,11,train
001172.npy,6,train
001173.npy,2,val
001174.npy,2,val
001175.npy,2,val
001176.npy,11,train
001177.npy,1,train
001178.npy,1,train
001179.npy,1,train
001180.npy,1,train
001181.npy,3,train
001182.npy,3,train
001183.npy,3,train
001184.npy,8,train
001185.npy,11,train
001186.npy,11,train
001187.npy,11,train
001188.npy,6,train
001189.npy,3,train
001190.npy,3,train
001191.npy,3,train
001192.npy,5,train
001193.npy,5,train
001194.npy,5,train
001195.npy,5,train
001196.npy,9,val
001197.npy,11,train
001198.npy,6,train
001199.npy,11,train
001200.npy,9,val
001201.npy,3,train
001202.npy,3,train
001203.npy,3,train
001204.npy,11,train
001205.npy,10,train
001206.npy,8,train
001207.npy,10,train
001208.npy,2,val
001209.npy,8,train
001210.npy,8,train
001211.npy,8,train
001212.npy,1,train
001213.npy,9,val
001214.npy,9,val
001215.npy,9,val
001216.npy,4,train
001217.npy,7,train
001218.npy,7,train
001219.npy,7,train
001220.npy,2,val
001221.npy,11,train
001222.npy,11,train
001223.npy,11,train
001224.npy,1,train
001225.npy,10,train
001226.npy,10,train
001227.npy,5,train
001228.npy,7,train
001229.npy,7,train
001230.npy,7,train
001231.npy,7,train
001232.npy,0,train
001233.npy,11,train
001234.npy,11,train
001235.npy,11,train
001236.npy,7,train
001237.npy,7,train
001238.npy,4,train
001239.npy,7,train
001240.npy,2,val
001241.npy,3,train
001242.npy,1,train
001243.npy,3,train
001244.npy,9,val
001245.npy,1,train
001246.npy,1,train
001247.npy,1,train
001248.npy,4,train
001249.npy,2,val
001250.npy,2,val
001251.npy,2,val
001252.npy,4,train
001253.npy,9,val
001254.npy,9,val
001255.npy,8,train
001256.npy,11,train
001257.npy,8,train
001258.npy,8,train
001259.npy,8,train
001260.npy,1,train
001261.npy,7,train
001262.npy,7,train
001263.npy,7,train
001264.npy,3,train
001265.npy,3,train
001266.npy,3,train
001267.npy,1,train
001268.npy,1,train
001269.npy,10,train
001270.npy,2,val
001271.npy,10,train
001272.npy,4,train
001273.npy,0,train
001274.npy,4,train
001275.npy,0,train
001276.npy,0,train
001277.npy,2,val
001278.npy,10,train
001279.npy,10,train
001280.npy,3,train
001281.npy,4,train
001282.npy,4,train
001283.npy,4,train
001284.npy,2,val
001285.npy,8,train
001286.npy,8,train
001287.npy,8,train
001288.npy,7,train
001289.npy,7,train
001290.npy,7,train
001291.npy,7,train
001292.npy,4,train
001293.npy,7,train
001294.npy,7,train
001295.npy,7,train
001296.npy,8,train
001297.npy,8,train
001298.npy,8,train
001299.npy,8,train
001300.npy,6,train
001301.npy,10,train
001302.npy,10,train
001303.npy,10,train
001304.npy,5,train
001305.npy,5,train
001306.npy,2,val
001307.npy,5,train
001308.npy,7,train
001309.npy,7,train
001310.npy,7,train
001311.npy,7,train
001312.npy,3,train
001313.npy,3,train
001314.npy,3,train
001315.npy,3,train
001316.npy,8,train
001317.npy,8,train
001318.npy,8,train
001319.npy,11,train
001320.npy,0,train
001321.npy,7,train
001322.npy,7,train
001323.npy,7,train
001324.npy,5,train
001325.npy,4,train
001326.npy,0,train
001327.npy,4,train
001328.npy,9,val
001329.npy,4,train
001330.npy,4,train
001331.npy,4,train
001332.npy,0,train
001333.npy,8,train
001334.npy,8,train
001335.npy,8,train
001336.npy,8,train
001337.npy,11,train
001338.npy,11,train
001339.npy,11,train
001340.npy,2,val
001341.npy,10,train
001342.npy,10,train
001343.npy,3,train
001344.npy,2,val
001345.npy,2,val
001346.npy,2,val
001347.npy,2,val
001348.npy,1,train
001349.npy,2,val
001350.npy,9,val
001351.npy,2,val
001352.npy,3,train
001353.npy,3,train
001354.npy,3,train
001355.npy,3,train
001356.npy,11,train
001357.npy,11,train
001358.npy,11,train
001359.npy,11,train
001360.npy,8,train
001361.npy,10,train
001362.npy,10,train
001363.npy,10,train
001364.npy,1,train
001365.npy,8,train
001366.npy,8,train
001367.npy,8,train
001368.npy,0,train
001369.npy,8,train
001370.npy,8,train
001371.npy,8,train
001372.npy,8,train
001373.npy,10,train
001374.npy,3,train
001375.npy,3,train
001376.npy,5,train
001377.npy,8,train
001378.npy,8,train
001379.npy,8,train
001380.npy,5,train
001381.npy,4,train
001382.npy,4,train
001383.npy,4,train
001384.npy,10,train
001385.npy,3,train
001386.npy,3,train
001387.npy,3,train
001388.npy,1,train
001389.npy,10,train
001390.npy,10,train
001391.npy,10,train
001392.npy,11,train
001393.npy,8,train
001394.npy,8,train
001395.npy,8,train
001396.npy,2,val
001397.npy,2,val
001398.npy,2,val
001399.npy,2,val
001400.npy,4,train
001401.npy,2,val
001402.npy,6,train
001403.npy,9,val
001404.npy,2,val
001405.npy,7,train
001406.npy,7,train
001407.npy,7,train
001408.npy,7,train
001409.npy,7,train
001410.npy,7,train
001411.npy,7,train
001412.npy,3,train
001413.npy,3,train
001414.npy,3,train
001415.npy,3,train
001416.npy,2,val
001417.npy,11,train
001418.npy,11,train
001419.npy,11,train
001420.npy,9,val
001421.npy,2,val
001422.npy,2,val
001423.npy,2,val
001424.npy,2,val
001425.npy,5,train
001426.npy,5,train
001427.npy,2,val
001428.npy,7,train
001429.npy,5,train
001430.npy,5,train
001431.npy,5,train
001432.npy,8,train
001433.npy,5,train
001434.npy,5,train
001435.npy,5,train
001436.npy,2,val
001437.npy,11,train
001438.npy,11,train
001439.npy,11,train
001440.npy,11,train
001441.npy,11,train
001442.npy,11,train
001443.npy,11,train
001444.npy,3,train
001445.npy,7,train
001446.npy,7,train
001447.npy,7,train
001448.npy,2,val
001449.npy,2,val
001450.npy,10,train
001451.npy,10,train
001452.npy,2,val
001453.npy,10,train
001454.npy,10,train
001455.npy,10,train
001456.npy,1,train
001457.npy,1,train
001458.npy,1,train
001459.npy,1,train
001460.npy,11,train
001461.npy,9,val
001462.npy,9,val
001463.npy,9,val
001464.npy,11,train
001465.npy,6,train
001466.npy,6,train
001467.npy,6,train
001468.npy,4,train
001469.npy,0,train
001470.npy,0,train
001471.npy,0,train
001472.npy,2,val
001473.npy,9,val
001474.npy,2,val
001475.npy,9,val
001476.npy,1,train
001477.npy,1,train
001478.npy,1,train
001479.npy,4,train
001480.npy,1,train
001481.npy,5,train
001482.npy,5,train
001483.npy,5,train
001484.npy,10,train
001485.npy,9,val
001486.npy,9,val
001487.npy,9,val
001488.npy,2,val
001489.npy,6,train
001490.npy,3,train
001491.npy,8,train
001492.npy,4,train
001493.npy,6,train
001494.npy,6,train
001495.npy,6,train
001496.npy,6,train
001497.npy,9,val
001498.npy,9,val
001499.npy,9,val
001500.npy,3,train
001501.npy,11,train
001502.npy,11,train
001503.npy,11,train
001504.npy,11,train
001505.npy,4,train
001506.npy,4,train
001507.npy,4,train
001508.npy,3,train
001509.npy,3,train
001510.npy,3,train
001511.npy,3,train
001512.npy,10,train
001513.npy,7,train
001514.npy,7,train
001515.npy,7,train
001516.npy,3,train
001517.npy,4,train
001518.npy,4,train
001519.npy,4,train
001520.npy,10,train
001521.npy,0,train
001522.npy,3,train
001523.npy,0,train
001524.npy,7,train
001525.npy,4,train
001526.npy,4,train
001527.npy,0,train
001528.npy,8,train
001529.npy,4,train
001530.npy,11,train
001531.npy,11,train
001532.npy,0,train
001533.npy,4,train
001534.npy,4,train
001535.npy,4,train
001536.npy,1,train
001537.npy,0,train
001538.npy,4,train
001539.npy,4,train
001540.npy,5,train
001541.npy,5,train
001542.npy,5,train
001543.npy,5,train
001544.npy,4,train
001545.npy,7,train
001546.npy,7,train
001547.npy,7,train
001548.npy,8,train
001549.npy,11,train
001550.npy,11,train
001551.npy,11,train
001552.npy,1,train
001553.npy,10,train
001554.npy,10,train
001555.npy,10,train
001556.npy,5,train
001557.npy,6,train
001558.npy,3,train
001559.npy,3,train
001560.npy,1,train
001561.npy,6,train
001562.npy,6,train
001563.npy,6,train
001564.npy,0,train
001565.npy,1,train
001566.npy,1,train
001567.npy,3,train
001568.npy,4,train
001569.npy,4,train
001570.npy,4,train
001571.npy,4,train
001572.npy,11,train
001573.npy,0,train
001574.npy,0,train
001575.npy,3,train
001576.npy,6,train
001577.npy,7,train
001578.npy,7,train
001579.npy,7,train
001580.npy,4,train
001581.npy,4,train
001582.npy,4,train
001583.npy,0,train
001584.npy,6,train
001585.npy,11,train
001586.npy,11,train
001587.npy,11,train
001588.npy,8,train
001589.npy,3,train
001590.npy,1,train
001591.npy,1,train
001592.npy,8,train
001593.npy,2,val
001594.npy,2,val
001595.npy,2,val
001596.npy,10,train
001597.npy,10,train
001598.npy,3,train
001599.npy,2,val
001600.npy,4,train
001601.npy,4,train
001602.npy,11,train
001603.npy,4,train
001604.npy,4,train
001605.npy,6,train
001606.npy,6,train
001607.npy,6,train
001608.npy,3,train
001609.npy,9,val
001610.npy,3,train
001611.npy,3,train
001612.npy,10,train
001613.npy,7,train
001614.npy,7,train
001615.npy,7,train
001616.npy,1,train
001617.npy,1,train
001618.npy,9,val
001619.npy,1,train
001620.npy,4,train
001621.npy,10,train
001622.npy,10,train
001623.npy,2,val
001624.npy,11,train
001625.npy,2,val
001626.npy,2,val
001627.npy,2,val
001628.npy,2,val
001629.npy,1,train
001630.npy,11,train
001631.npy,11,train
001632.npy,3,train
001633.npy,10,train
001634.npy,10,train
001635.npy,5,train
001636.npy,10,train
001637.npy,7,train
001638.npy,7,train
001639.npy,7,train
001640.npy,4,train
001641.npy,4,train
001642.npy,4,train
001643.npy,7,train
001644.npy,3,train
001645.npy,1,train
001646.npy,1,train
001647.npy,1,train
001648.npy,3,train
001649.npy,4,train
001650.npy,4,train
001651.npy,4,train
001652.npy,11,train
001653.npy,2,val
001654.npy,10,train
001655.npy,10,train
001656.npy,5,train
001657.npy,3,train
001658.npy,3,train
001659.npy,3,train
001660.npy,11,train
001661.npy,10,train
001662.npy,2,val
001663.npy,10,train
001664.npy,3,train
001665.npy,9,val
001666.npy,8,train
001667.npy,3,train
001668.npy,10,train
001669.npy,2,val
001670.npy,2,val
001671.npy,8,train
001672.npy,1,train
001673.npy,4,train
001674.npy,4,train
001675.npy,4,train
001676.npy,1,train
001677.npy,4,train
001678.npy,4,train
001679.npy,4,train
001680.npy,2,val
001681.npy,1,train
001682.npy,1,train
001683.npy,1,train
001684.npy,1,train
001685.npy,2,val
001686.npy,2,val
001687.npy,9,val
001688.npy,2,val
001689.npy,6,train
001690.npy,8,train
001691.npy,8,train
001692.npy,0,train
001693.npy,0,train
001694.npy,0,train
001695.npy,1,train
001696.npy,1,train
001697.npy,7,train
001698.npy,4,train
001699.npy,4,train
001700.npy,0,train
001701.npy,4,train
001702.npy,4,train
001703.npy,4,train
001704.npy,3,train
001705.npy,10,train
001706.npy,10,train
001707.npy,10,train
001708.npy,9,val
001709.npy,8,train
001710.npy,8,train
001711.npy,8,train
001712.npy,6,train
001713.npy,10,train
001714.npy,10,train
001715.npy,10,train
001716.npy,2,val
001717.npy,8,train
001718.npy,8,train
001719.npy,8,train
001720.npy,9,val
001721.npy,11,train
001722.npy,11,train
001723.npy,11,train
001724.npy,11,train
001725.npy,8,train
001726.npy,8,train
001727.npy,8,train
001728.npy,7,train
001729.npy,8,train
001730.npy,3,train
001731.npy,3,train
001732.npy,6,train
001733.npy,1,train
001734.npy,7,train
001735.npy,7,train
001736.npy,0,train
001737.npy,11,train
001738.npy,11,train
001739.npy,11,train
001740.npy,4,train
001741.npy,7,train
001742.npy,7,train
001743.npy,7,train
001744.npy,0,train
001745.npy,9,val
001746.npy,9,val
001747.npy,9,val
001748.npy,11,train
001749.npy,8,train
001750.npy,8,train
001751.npy,2,val
001752.npy,5,train
001753.npy,6,train
001754.npy,6,train
001755.npy,6,train
001756.npy,4,train
001757.npy,1,train
001758.npy,1,train
001759.npy,11,train
001760.npy,9,val
001761.npy,7,train
001762.npy,1,train
001763.npy,7,train
001764.npy,8,train
001765.npy,10,train
001766.npy,10,train
001767.npy,10,train
001768.npy,2,val
001769.npy,8,train
001770.npy,8,train
001771.npy,2,val
001772.npy,10,train
001773.npy,7,train
001774.npy,7,train
001775.npy,7,train
001776.npy,2,val
001777.npy,10,train
001778.npy,3,train
001779.npy,3,train
001780.npy,5,train
001781.npy,2,val
001782.npy,8,train
001783.npy,2,val
001784.npy,11,train
001785.npy,9,val
001786.npy,9,val
001787.npy,9,val
001788.npy,4,train
001789.npy,8,train
001790.npy,8,train
001791.npy,8,train
001792.npy,11,train
001793.npy,2,val
001794.npy,2,val
001795.npy,2,val
001796.npy,7,train
001797.npy,0,train
001798.npy,1,train
001799.npy,0,train
001800.npy,0,train
001801.npy,0,train
001802.npy,0,train
001803.npy,0,train
001804.npy,5,train
001805.npy,3,train
001806.npy,3,train
001807.npy,3,train
001808.npy,9,val
001809.npy,7,train
001810.npy,7,train
001811.npy,7,train
001812.npy,1,train
001813.npy,3,train
001814.npy,3,train
001815.npy,8,train
001816.npy,3,train
001817.npy,0,train
001818.npy,0,train
001819.npy,0,train
001820.npy,2,val
001821.npy,6,train
001822.npy,6,train
001823.npy,6,train
001824.npy,0,train
001825.npy,7,train
001826.npy,7,train
001827.npy,7,train
001828.npy,0,train
001829.npy,3,train
001830.npy,3,train
001831.npy,3,train
001832.npy,11,train
001833.npy,4,train
001834.npy,4,train
001835.npy,4,train
001836.npy,11,train
001837.npy,4,train
001838.npy,4,train
001839.npy,4,train
001840.npy,8,train
001841.npy,0,train
001842.npy,0,train
001843.npy,4,train
001844.npy,10,train
001845.npy,4,train
001846.npy,4,train
001847.npy,4,train
001848.npy,1,train
001849.npy,2,val
001850.npy,2,val
001851.npy,8,train
001852.npy,5,train
001853.npy,9,val
001854.npy,9,val
001855.npy,9,val
001856.npy,4,train
001857.npy,8,train
001858.npy,10,train
001859.npy,8,train
001860.npy,10,train
001861.npy,3,train
001862.npy,3,train
001863.npy,3,train
001864.npy,3,train
001865.npy,8,train
001866.npy,8,train
001867.npy,8,train
001868.npy,8,train
001869.npy,8,train
001870.npy,8,train
001871.npy,8,train
001872.npy,1,train
001873.npy,4,train
001874.npy,4,train
001875.npy,4,train
001876.npy,0,train
001877.npy,0,train
001878.npy,6,train
001879.npy,6,train
001880.npy,2,val
001881.npy,2,val
001882.npy,2,val
001883.npy,2,val
001884.npy,5,train
001885.npy,5,train
001886.npy,5,train
001887.npy,5,train
001888.npy,1,train
001889.npy,6,train
001890.npy,3,train
001891.npy,6,train
001892.npy,2,val
001893.npy,3,train
001894.npy,3,train
001895.npy,3,train
001896.npy,6,train
001897.npy,3,train
001898.npy,3,train
001899.npy,3,train
001900.npy,1,train
001901.npy,1,train
001902.npy,4,train
001903.npy,1,train
001904.npy,3,train
001905.npy,2,val
001906.npy,5,train
001907.npy,5,train
001908.npy,6,train
001909.npy,4,train
001910.npy,4,train
001911.npy,4,train
001912.npy,3,train
001913.npy,4,train
001914.npy,4,train
001915.npy,4,train
001916.npy,2,val
001917.npy,4,train
001918.npy,4,train
001919.npy,1,train
001920.npy,4,train
001921.npy,10,train
001922.npy,10,train
001923.npy,10,train
001924.npy,3,train
001925.npy,5,train
001926.npy,5,train
001927.npy,5,train
001928.npy,10,train
001929.npy,11,train
001930.npy,11,train
001931.npy,11,train
001932.npy,8,train
001933.npy,10,train
001934.npy,10,train
001935.npy,10,train
001936.npy,5,train
001937.npy,10,train
001938.npy,8,train
001939.npy,8,train
001940.npy,11,train
001941.npy,4,train
001942.npy,7,train
001943.npy,7,train
001944.npy,11,train
001945.npy,6,train
001946.npy,6,train
001947.npy,1,train
001948.npy,11,train
001949.npy,1,train
001950.npy,1,train
001951.npy,1,train
001952.npy,9,val
001953.npy,7,train
001954.npy,7,train
001955.npy,7,train
001956.npy,11,train
001957.npy,9,val
001958.npy,1,train
001959.npy,9,val
001960.npy,11,train
001961.npy,1,train
001962.npy,1,train
001963.npy,1,train
001964.npy,8,train
001965.npy,9,val
001966.npy,9,val
001967.npy,9,val
001968.npy,0,train
001969.npy,2,val
001970.npy,2,val
001971.npy,2,val
001972.npy,1,train
001973.npy,7,train
001974.npy,7,train
001975.npy,7,train
001976.npy,5,train
001977.npy,8,train
001978.npy,8,train
001979.npy,8,train
001980.npy,1,train
001981.npy,9,val
001982.npy,9,val
001983.npy,2,val
001984.npy,6,train
001985.npy,2,val
001986.npy,2,val
001987.npy,2,val
001988.npy,5,train
001989.npy,10,train
001990.npy,8,train
001991.npy,10,train
001992.npy,5,train
001993.npy,1,train
001994.npy,1,train
001995.npy,1,train
001996.npy,3,train
001997.npy,4,train
001998.npy,4,train
001999.npy,4,train
002000.npy,3,train
002001.npy,6,train
002002.npy,10,train
002003.npy,10,train
002004.npy,0,train
002005.npy,7,train
002006.npy,7,train
002007.npy,7,train
002008.npy,2,val
002009.npy,2,val
002010.npy,9,val
002011.npy,9,val
002012.npy,3,train
002013.npy,0,train
002014.npy,0,train
002015.npy,0,train
002016.npy,10,train
002017.npy,3,train
002018.npy,3,train
002019.npy,3,train
002020.npy,4,train
002021.npy,2,val
002022.npy,2,val
002023.npy,8,train
002024.npy,9,val
002025.npy,8,train
002026.npy,8,train
002027.npy,8,train
002028.npy,3,train
002029.npy,2,val
002030.npy,2,val
002031.npy,2,val
002032.npy,11,train
002033.npy,4,train
002034.npy,4,train
002035.npy,4,train
002036.npy,9,val
002037.npy,6,train
002038.npy,6,train
002039.npy,6,train
002040.npy,9,val
002041.npy,2,val
002042.npy,5,train
002043.npy,2,val
002044.npy,9,val
002045.npy,8,train
002046.npy,8,train
002047.npy,8,train
002048.npy,7,train
002049.npy,7,train
002050.npy,7,train
002051.npy,7,train
002052.npy,10,train
002053.npy,11,train
002054.npy,11,train
002055.npy,11,train
002056.npy,7,train
002057.npy,1,train
002058.npy,1,train
002059.npy,1,train
002060.npy,3,train
002061.npy,8,train
002062.npy,8,train
002063.npy,8,train
002064.npy,11,train
002065.npy,3,train
002066.npy,3,train
002067.npy,3,train
002068.npy,0,train
002069.npy,7,train
002070.npy,7,train
002071.npy,7,train
002072.npy,11,train
002073.npy,3,train
002074.npy,3,train
002075.npy,3,train
002076.npy,5,train
002077.npy,1,train
002078.npy,1,train
002079.npy,1,train
002080.npy,1,train
002081.npy,2,val
002082.npy,2,val
002083.npy,2,val
002084.npy,8,train
002085.npy,8,train
002086.npy,8,train
002087.npy,8,train
002088.npy,1,train
002089.npy,0,train
002090.npy,10,train
002091.npy,0,train
002092.npy,3,train
002093.npy,6,train
002094.npy,6,train
002095.npy,6,train
002096.npy,11,train
002097.npy,10,train
002098.npy,2,val
002099.npy,10,train
002100.npy,6,train
002101.npy,9,val
002102.npy,9,val
002103.npy,9,val
002104.npy,2,val
002105.npy,5,train
002106.npy,5,train
002107.npy,5,train
002108.npy,10,train
002109.npy,4,train
002110.npy,4,train
002111.npy,4,train
002112.npy,0,train
002113.npy,10,train
002114.npy,10,train
002115.npy,10,train
002116.npy,8,train
002117.npy,9,val
002118.npy,9,val
002119.npy,9,val
002120.npy,1,train
002121.npy,3,train
002122.npy,3,train
002123.npy,3,train
002124.npy,3,train
002125.npy,0,train
002126.npy,0,train
002127.npy,0,train
002128.npy,10,train
002129.npy,5,train
002130.npy,5,train
002131.npy,5,train
002132.npy,0,train
002133.npy,3,train
002134.npy,3,train
002135.npy,11,train
002136.npy,6,train
002137.npy,3,train
002138.npy,3,train
002139.npy,3,train
002140.npy,4,train
002141.npy,5,train
002142.npy,5,train
002143.npy,10,train
002144.npy,2,val
002145.npy,8,train
002146.npy,8,train
002147.npy,8,train
002148.npy,0,train
002149.npy,0,train
002150.npy,0,train
002151.npy,0,train
002152.npy,0,train
002153.npy,10,train
002154.npy,10,train
002155.npy,10,train
002156.npy,3,train
002157.npy,3,train
002158.npy,10,train
002159.npy,3,train
002160.npy,8,train
002161.npy,3,train
002162.npy,8,train
002163.npy,8,train
002164.npy,9,val
002165.npy,2,val
002166.npy,2,val
002167.npy,2,val
002168.npy,2,val
002169.npy,6,train
002170.npy,6,train
002171.npy,6,train
002172.npy,0,train
002173.npy,0,train
002174.npy,0,train
002175.npy,0,train
002176.npy,1,train
002177.npy,11,train
002178.npy,11,train
002179.npy,11,train
002180.npy,10,train
002181.npy,2,val
002182.npy,2,val
002183.npy,2,val
002184.npy,1,train
002185.npy,10,train
002186.npy,10,train
002187.npy,10,train
002188.npy,6,train
002189.npy,9,val
002190.npy,9,val
002191.npy,9,val
002192.npy,0,train
002193.npy,1,train
002194.npy,1,train
002195.npy,1,train
002196.npy,3,train
002197.npy,7,train
002198.npy,7,train
002199.npy,7,train
002200.npy,2,val
002201.npy,11,train
002202.npy,11,train
002203.npy,11,train
002204.npy,2,val
002205.npy,5,train
002206.npy,5,train
002207.npy,5,train
002208.npy,2,val
002209.npy,11,train
002210.npy,11,train
002211.npy,11,train
002212.npy,11,train
002213.npy,7,train
002214.npy,7,train
002215.npy,7,train
002216.npy,7,train
002217.npy,7,train
002218.npy,7,train
002219.npy,7,train
002220.npy,9,val
002221.npy,1,train
002222.npy,9,val
002223.npy,9,val
002224.npy,7,train
002225.npy,7,train
002226.npy,7,train
002227.npy,7,train
002228.npy,1,train
002229.npy,5,train
002230.npy,5,train
002231.npy,5,train
002232.npy,2,val
002233.npy,5,train
002234.npy,5,train
002235.npy,5,train
002236.npy,1,train
002237.npy,1,train
002238.npy,1,train
002239.npy,1,train
002240.npy,11,train
002241.npy,9,val
002242.npy,9,val
002243.npy,9,val
002244.npy,5,train
002245.npy,7,train
002246.npy,7,train
002247.npy,7,train
002248.npy,6,train
002249.npy,3,train
002250.npy,3,train
002251.npy,11,train
002252.npy,2,val
002253.npy,2,val
002254.npy,2,val
002255.npy,2,val
002256.npy,11,train
002257.npy,1,train
002258.npy,1,train
002259.npy,1,train
002260.npy,3,train
002261.npy,8,train
002262.npy,8,train
002263.npy,8,train
002264.npy,5,train
002265.npy,7,train
002266.npy,7,train
002267.npy,7,train
002268.npy,0,train
002269.npy,4,train
002270.npy,4,train
002271.npy,4,train
002272.npy,1,train
002273.npy,7,train
002274.npy,7,train
002275.npy,7,train
002276.npy,11,train
002277.npy,8,train
002278.npy,3,train
002279.npy,3,train
002280.npy,11,train
002281.npy,3,train
002282.npy,3,train
002283.npy,3,train
002284.npy,4,train
002285.npy,7,train
002286.npy,7,train
002287.npy,7,train
002288.npy,3,train
002289.npy,9,val
002290.npy,9,val
002291.npy,9,val
002292.npy,3,train
002293.npy,1,train
002294.npy,1,train
002295.npy,1,train
002296.npy,11,train
002297.npy,11,train
002298.npy,11,train
002299.npy,11,train
002300.npy,2,val
002301.npy,11,train
002302.npy,9,val
002303.npy,9,val
002304.npy,8,train
002305.npy,2,val
002306.npy,2,val
002307.npy,8,train
002308.npy,1,train
002309.npy,9,val
002310.npy,3,train
002311.npy,3,train
002312.npy,1,train
002313.npy,1,train
002314.npy,1,train
002315.npy,1,train
002316.npy,1,train
002317.npy,2,val
002318.npy,2,val
002319.npy,2,val
002320.npy,2,val
002321.npy,1,train
002322.npy,1,train
002323.npy,1,train
002324.npy,2,val
002325.npy,2,val
002326.npy,2,val
002327.npy,2,val
002328.npy,8,train
002329.npy,7,train
002330.npy,7,train
002331.npy,7,train
002332.npy,2,val
002333.npy,4,train
002334.npy,4,train
002335.npy,4,train
002336.npy,10,train
002337.npy,10,train
002338.npy,10,train
002339.npy,10,train
002340.npy,8,train
002341.npy,8,train
002342.npy,8,train
002343.npy,8,train
002344.npy,0,train
002345.npy,7,train
002346.npy,7,train
002347.npy,7,train
002348.npy,9,val
002349.npy,8,train
002350.npy,8,train
002351.npy,8,train
002352.npy,4,train
002353.npy,10,train
002354.npy,10,train
002355.npy,10,train
002356.npy,7,train
002357.npy,7,train
002358.npy,7,train
002359.npy,7,train
002360.npy,3,train
002361.npy,0,train
002362.npy,0,train
002363.npy,0,train
002364.npy,11,train
002365.npy,1,train
002366.npy,1,train
002367.npy,1,train
002368.npy,11,train
002369.npy,4,train
002370.npy,7,train
002371.npy,1,train
002372.npy,4,train
002373.npy,11,train
002374.npy,11,train
002375.npy,11,train
002376.npy,4,train
002377.npy,2,val
002378.npy,2,val
002379.npy,2,val
002380.npy,11,train
002381.npy,0,train
002382.npy,0,train
002383.npy,0,train
002384.npy,7,train
002385.npy,2,val
002386.npy,10,train
002387.npy,2,val
002388.npy,6,train
002389.npy,2,val
002390.npy,2,val
002391.npy,5,train
002392.npy,5,train
002393.npy,6,train
002394.npy,6,train
002395.npy,6,train
002396.npy,3,train
002397.npy,8,train
002398.npy,8,train
002399.npy,8,train
002400.npy,9,val
002401.npy,8,train
002402.npy,8,train
002403.npy,8,train
002404.npy,3,train
002405.npy,5,train
002406.npy,5,train
002407.npy,5,train
002408.npy,2,val
002409.npy,4,train
002410.npy,4,train
002411.npy,11,train
002412.npy,11,train
002413.npy,9,val
002414.npy,9,val
002415.npy,9,val
002416.npy,11,train
002417.npy,11,train
002418.npy,11,train
002419.npy,11,train
002420.npy,8,train
002421.npy,3,train
002422.npy,3,train
002423.npy,0,train
002424.npy,0,train
002425.npy,6,train
002426.npy,8,train
002427.npy,6,train
002428.npy,5,train
002429.npy,2,val
002430.npy,2,val
002431.npy,2,val
002432.npy,5,train
002433.npy,0,train
002434.npy,0,train
002435.npy,0,train
002436.npy,0,train
002437.npy,8,train
002438.npy,8,train
002439.npy,8,train
002440.npy,8,train
002441.npy,11,train
002442.npy,11,train
002443.npy,11,train
002444.npy,8,train
002445.npy,8,train
002446.npy,8,train
002447.npy,2,val
002448.npy,5,train
002449.npy,4,train
002450.npy,4,train
002451.npy,4,train
002452.npy,0,train
002453.npy,3,train
002454.npy,3,train
002455.npy,3,train
002456.npy,8,train
002457.npy,4,train
002458.npy,1,train
002459.npy,4,train
002460.npy,7,train
002461.npy,7,train
002462.npy,7,train
002463.npy,7,train
002464.npy,10,train
002465.npy,11,train
002466.npy,11,train
002467.npy,11,train
002468.npy,3,train
002469.npy,5,train
002470.npy,5,train
002471.npy,5,train
002472.npy,4,train
002473.npy,1,train
002474.npy,1,train
002475.npy,1,train
002476.npy,8,train
002477.npy,6,train
002478.npy,6,train
002479.npy,6,train
002480.npy,2,val
002481.npy,5,train
002482.npy,5,train
002483.npy,5,train
002484.npy,4,train
002485.npy,11,train
002486.npy,11,train
002487.npy,11,train
002488.npy,8,train
002489.npy,2,val
002490.npy,2,val
002491.npy,2,val
002492.npy,0,train
002493.npy,2,val
002494.npy,2,val
002495.npy,2,val
002496.npy,3,train
002497.npy,10,train
002498.npy,10,train
002499.npy,10,train
002500.npy,1,train
002501.npy,11,train
002502.npy,11,train
002503.npy,11,train
002504.npy,10,train
002505.npy,10,train
002506.npy,10,train
002507.npy,10,train
002508.npy,1,train
002509.npy,5,train
002510.npy,2,val
002511.npy,5,train
002512.npy,1,train
002513.npy,7,train
002514.npy,7,train
002515.npy,7,train
002516.npy,8,train
002517.npy,8,train
002518.npy,8,train
002519.npy,8,train
002520.npy,4,train
002521.npy,10,train
002522.npy,0,train
002523.npy,10,train
002524.npy,3,train
002525.npy,2,val
002526.npy,2,val
002527.npy,2,val
002528.npy,1,train
002529.npy,3,train
002530.npy,1,train
002531.npy,1,train
002532.npy,0,train
002533.npy,3,train
002534.npy,3,train
002535.npy,3,train
002536.npy,2,val
002537.npy,3,train
002538.npy,11,train
002539.npy,3,train
002540.npy,1,train
002541.npy,1,train
002542.npy,1,train
002543.npy,1,train
002544.npy,3,train
002545.npy,2,val
002546.npy,8,train
002547.npy,2,val
002548.npy,6,train
002549.npy,7,train
002550.npy,7,train
002551.npy,7,train
002552.npy,0,train
002553.npy,0,train
002554.npy,0,train
002555.npy,0,train
002556.npy,11,train
002557.npy,4,train
002558.npy,4,train
002559.npy,4,train
002560.npy,3,train
002561.npy,0,train
002562.npy,0,train
002563.npy,0,train
002564.npy,11,train
002565.npy,8,train
002566.npy,8,train
002567.npy,8,train
002568.npy,0,train
002569.npy,4,train
002570.npy,8,train
002571.npy,8,train
002572.npy,6,train
002573.npy,2,val
002574.npy,2,val
002575.npy,2,val
002576.npy,8,train
002577.npy,2,val
002578.npy,2,val
002579.npy,2,val
002580.npy,2,val
002581.npy,11,train
002582.npy,8,train
002583.npy,8,train
002584.npy,1,train
002585.npy,7,train
002586.npy,7,train
002587.npy,7,train
002588.npy,0,train
002589.npy,0,train
002590.npy,0,train
002591.npy,0,train
002592.npy,1,train
002593.npy,2,val
002594.npy,11,train
002595.npy,11,train
002596.npy,7,train
002597.npy,1,train
002598.npy,4,train
002599.npy,0,train
002600.npy,10,train
002601.npy,7,train
002602.npy,1,train
002603.npy,7,train
002604.npy,2,val
002605.npy,9,val
002606.npy,2,val
002607.npy,9,val
002608.npy,5,train
002609.npy,4,train
002610.npy,4,train
002611.npy,4,train
002612.npy,9,val
002613.npy,10,train
002614.npy,10,train
002615.npy,10,train
002616.npy,2,val
002617.npy,1,train
002618.npy,1,train
002619.npy,1,train
002620.npy,6,train
002621.npy,11,train
002622.npy,11,train
002623.npy,11,train
002624.npy,8,train
002625.npy,2,val
002626.npy,2,val
002627.npy,2,val
002628.npy,0,train
002629.npy,7,train
002630.npy,7,train
002631.npy,7,train
002632.npy,10,train
002633.npy,4,train
002634.npy,4,train
002635.npy,11,train
002636.npy,7,train
002637.npy,3,train
002638.npy,3,train
002639.npy,3,train
002640.npy,9,val
002641.npy,8,train
002642.npy,8,train
002643.npy,8,train
002644.npy,11,train
002645.npy,2,val
002646.npy,2,val
002647.npy,2,val
002648.npy,11,train
002649.npy,10,train
002650.npy,10,train
002651.npy,10,train
002652.npy,8,train
002653.npy,1,train
002654.npy,1,train
002655.npy,1,train
002656.npy,2,val
002657.npy,4,train
002658.npy,4,train
002659.npy,4,train
002660.npy,8,train
002661.npy,11,train
002662.npy,11,train
002663.npy,11,train
002664.npy,0,train
002665.npy,11,train
002666.npy,11,train
002667.npy,11,train
002668.npy,10,train
002669.npy,2,val
002670.npy,2,val
002671.npy,2,val
002672.npy,3,train
002673.npy,8,train
002674.npy,8,train
002675.npy,3,train
002676.npy,2,val
002677.npy,2,val
002678.npy,2,val
002679.npy,2,val
002680.npy,1,train
002681.npy,1,train
002682.npy,1,train
002683.npy,1,train
002684.npy,11,train
002685.npy,5,train
002686.npy,5,train
002687.npy,5,train
002688.npy,5,train
002689.npy,3,train
002690.npy,3,train
002691.npy,2,val
002692.npy,2,val
002693.npy,5,train
002694.npy,3,train
002695.npy,8,train
002696.npy,9,val
002697.npy,3,train
002698.npy,3,train
002699.npy,3,train
002700.npy,11,train
002701.npy,4,train
002702.npy,4,train
002703.npy,4,train
002704.npy,3,train
002705.npy,7,train
002706.npy,4,train
002707.npy,7,train
002708.npy,2,val
002709.npy,2,val
002710.npy,2,val
002711.npy,2,val
002712.npy,4,train
002713.npy,8,train
002714.npy,8,train
002715.npy,3,train
002716.npy,3,train
002717.npy,7,train
002718.npy,7,train
002719.npy,7,train
002720.npy,1,train
002721.npy,11,train
002722.npy,11,train
002723.npy,0,train
002724.npy,11,train
002725.npy,4,train
002726.npy,4,train
002727.npy,4,train
002728.npy,8,train
002729.npy,5,train
002730.npy,5,train
002731.npy,5,train
002732.npy,1,train
002733.npy,2,val
002734.npy,2,val
002735.npy,2,val
002736.npy,1,train
002737.npy,3,train
002738.npy,3,train
002739.npy,3,train
002740.npy,8,train
002741.npy,8,train
002742.npy,3,train
002743.npy,8,train
002744.npy,2,val
002745.npy,1,train
002746.npy,11,train
002747.npy,4,train
002748.npy,4,train
002749.npy,7,train
002750.npy,7,train
002751.npy,7,train
002752.npy,1,train
002753.npy,4,train
002754.npy,4,train
002755.npy,4,train
002756.npy,11,train
002757.npy,8,train
002758.npy,8,train
002759.npy,8,train
002760.npy,5,train
002761.npy,5,train
002762.npy,5,train
002763.npy,5,train
002764.npy,11,train
002765.npy,1,train
002766.npy,1,train
002767.npy,1,train
002768.npy,11,train
002769.npy,8,train
002770.npy,11,train
002771.npy,8,train
002772.npy,4,train
002773.npy,10,train
002774.npy,10,train
002775.npy,0,train
002776.npy,1,train
002777.npy,4,train
002778.npy,4,train
002779.npy,4,train
002780.npy,6,train
002781.npy,11,train
002782.npy,11,train
002783.npy,11,train
002784.npy,0,train
002785.npy,11,train
002786.npy,11,train
002787.npy,11,train
002788.npy,2,val
002789.npy,8,train
002790.npy,8,train
002791.npy,8,train
002792.npy,5,train
002793.npy,11,train
002794.npy,1,train
002795.npy,11,train
002796.npy,5,train
002797.npy,3,train
002798.npy,3,train
002799.npy,2,val
002800.npy,2,val
002801.npy,2,val
002802.npy,2,val
002803.npy,2,val
002804.npy,11,train
002805.npy,11,train
002806.npy,8,train
002807.npy,11,train
002808.npy,1,train
002809.npy,7,train
002810.npy,7,train
002811.npy,7,train
002812.npy,3,train
002813.npy,10,train
002814.npy,10,train
002815.npy,0,train
002816.npy,4,train
002817.npy,4,train
002818.npy,11,train
002819.npy,4,train
002820.npy,3,train
002821.npy,4,train
002822.npy,4,train
002823.npy,4,train
002824.npy,3,train
002825.npy,2,val
002826.npy,2,val
002827.npy,8,train
002828.npy,0,train
002829.npy,6,train
002830.npy,6,train
002831.npy,6,train
002832.npy,11,train
002833.npy,4,train
002834.npy,4,train
002835.npy,4,train
002836.npy,4,train
002837.npy,2,val
002838.npy,2,val
002839.npy,2,val
002840.npy,3,train
002841.npy,5,train
002842.npy,5,train
002843.npy,5,train
002844.npy,2,val
002845.npy,7,train
002846.npy,7,train
002847.npy,7,train
002848.npy,10,train
002849.npy,6,train
002850.npy,6,train
002851.npy,2,val
002852.npy,1,train
002853.npy,4,train
002854.npy,4,train
002855.npy,4,train
002856.npy,11,train
002857.npy,10,train
002858.npy,10,train
002859.npy,10,train
002860.npy,6,train
002861.npy,11,train
002862.npy,11,train
002863.npy,11,train
002864.npy,4,train
002865.npy,4,train
002866.npy,4,train
002867.npy,4,train
002868.npy,9,val
002869.npy,10,train
002870.npy,10,train
002871.npy,10,train
002872.npy,6,train
002873.npy,5,train
002874.npy,5,train
002875.npy,5,train
002876.npy,0,train
002877.npy,1,train
002878.npy,1,train
002879.npy,1,train
002880.npy,11,train
002881.npy,11,train
002882.npy,11,train
002883.npy,11,train
002884.npy,2,val
002885.npy,11,train
002886.npy,11,train
002887.npy,11,train
002888.npy,8,train
002889.npy,8,train
002890.npy,8,train
002891.npy,8,train
002892.npy,2,val
002893.npy,0,train
002894.npy,10,train
002895.npy,0,train
002896.npy,3,train
002897.npy,11,train
002898.npy,11,train
002899.npy,11,train
002900.npy,1,train
002901.npy,5,train
002902.npy,5,train
002903.npy,5,train
002904.npy,1,train
002905.npy,4,train
002906.npy,4,train
002907.npy,4,train
002908.npy,10,train
002909.npy,4,train
002910.npy,4,train
002911.npy,4,train
002912.npy,2,val
002913.npy,7,train
002914.npy,7,train
002915.npy,7,train
002916.npy,8,train
002917.npy,10,train
002918.npy,10,train
002919.npy,10,train
002920.npy,11,train
002921.npy,8,train
002922.npy,8,train
002923.npy,8,train
002924.npy,4,train
002925.npy,3,train
002926.npy,3,train
002927.npy,3,train
002928.npy,3,train
002929.npy,8,train
002930.npy,8,train
002931.npy,8,train
002932.npy,11,train
002933.npy,7,train
002934.npy,7,train
002935.npy,7,train
002936.npy,4,train
002937.npy,8,train
002938.npy,10,train
002939.npy,8,train
002940.npy,6,train
002941.npy,6,train
002942.npy,6,train
002943.npy,6,train
002944.npy,3,train
002945.npy,11,train
002946.npy,11,train
002947.npy,11,train
002948.npy,2,val
002949.npy,9,val
002950.npy,9,val
002951.npy,9,val
002952.npy,0,train
002953.npy,3,train
002954.npy,6,train
002955.npy,3,train
002956.npy,10,train
002957.npy,0,train
002958.npy,0,train
002959.npy,0,train
002960.npy,1,train
002961.npy,4,train
002962.npy,4,train
002963.npy,4,train
002964.npy,4,train
002965.npy,4,train
002966.npy,1,train
002967.npy,1,train
002968.npy,5,train
002969.npy,2,val
002970.npy,5,train
002971.npy,5,train
002972.npy,7,train
002973.npy,3,train
002974.npy,3,train
002975.npy,3,train
002976.npy,10,train
002977.npy,7,train
002978.npy,7,train
002979.npy,7,train
002980.npy,4,train
002981.npy,3,train
002982.npy,3,train
002983.npy,3,train
002984.npy,10,train
002985.npy,8,train
002986.npy,2,val
002987.npy,8,train
002988.npy,2,val
002989.npy,1,train
002990.npy,9,val
002991.npy,1,train
002992.npy,3,train
002993.npy,0,train
002994.npy,0,train
002995.npy,0,train
002996.npy,9,val
002997.npy,8,train
002998.npy,8,train
002999.npy,8,train
003000.npy,4,train
003001.npy,11,train
003002.npy,11,train
003003.npy,11,train
003004.npy,7,train
003005.npy,7,train
003006.npy,7,train
003007.npy,7,train
003008.npy,11,train
003009.npy,11,train
003010.npy,11,train
003011.npy,8,train
003012.npy,3,train
003013.npy,5,train
003014.npy,5,train
003015.npy,5,train
003016.npy,2,val
003017.npy,3,train
003018.npy,3,train
003019.npy,3,train
003020.npy,7,train
003021.npy,4,train
003022.npy,4,train
003023.npy,4,train
003024.npy,3,train
003025.npy,3,train
003026.npy,3,train
003027.npy,3,train
003028.npy,6,train
003029.npy,7,train
003030.npy,7,train
003031.npy,7,train
003032.npy,2,val
003033.npy,10,train
003034.npy,10,train
003035.npy,10,train
003036.npy,10,train
003037.npy,7,train
003038.npy,7,train
003039.npy,4,train
003040.npy,7,train
003041.npy,7,train
003042.npy,7,train
003043.npy,7,train
003044.npy,8,train
003045.npy,2,val
003046.npy,2,val
003047.npy,2,val
003048.npy,3,train
003049.npy,5,train
003050.npy,5,train
003051.npy,5,train
003052.npy,4,train
003053.npy,11,train
003054.npy,11,train
003055.npy,11,train
003056.npy,11,train
003057.npy,8,train
003058.npy,8,train
003059.npy,8,train
003060.npy,3,train
003061.npy,2,val
003062.npy,8,train
003063.npy,2,val
003064.npy,2,val
003065.npy,1,train
003066.npy,1,train
003067.npy,1,train
003068.npy,5,train
003069.npy,2,val
003070.npy,2,val
003071.npy,2,val
003072.npy,4,train
003073.npy,4,train
003074.npy,4,train
003075.npy,11,train
003076.npy,3,train
003077.npy,8,train
003078.npy,8,train
003079.npy,8,train
003080.npy,3,train
003081.npy,6,train
003082.npy,8,train
003083.npy,11,train
003084.npy,3,train
003085.npy,4,train
003086.npy,4,train
003087.npy,4,train
003088.npy,4,train
003089.npy,11,train
003090.npy,11,train
003091.npy,11,train
003092.npy,8,train
003093.npy,2,val
003094.npy,2,val
003095.npy,2,val
003096.npy,11,train
003097.npy,0,train
003098.npy,1,train
003099.npy,0,train
003100.npy,4,train
003101.npy,4,train
003102.npy,4,train
003103.npy,4,train
003104.npy,7,train
003105.npy,7,train
003106.npy,7,train
003107.npy,7,train
003108.npy,2,val
003109.npy,2,val
003110.npy,2,val
003111.npy,2,val
003112.npy,11,train
003113.npy,1,train
003114.npy,1,train
003115.npy,1,train
003116.npy,5,train
003117.npy,7,train
003118.npy,7,train
003119.npy,7,train
003120.npy,4,train
003121.npy,10,train
003122.npy,8,train
003123.npy,8,train
003124.npy,2,val
003125.npy,6,train
003126.npy,0,train
003127.npy,0,train
003128.npy,8,train
003129.npy,5,train
003130.npy,5,train
003131.npy,5,train
003132.npy,2,val
003133.npy,4,train
003134.npy,4,train
003135.npy,4,train
003136.npy,4,train
003137.npy,4,train
003138.npy,4,train
003139.npy,4,train
003140.npy,6,train
003141.npy,7,train
003142.npy,7,train
003143.npy,4,train
003144.npy,5,train
003145.npy,7,train
003146.npy,7,train
003147.npy,7,train
003148.npy,11,train
003149.npy,6,train
003150.npy,6,train
003151.npy,1,train
003152.npy,2,val
003153.npy,1,train
003154.npy,1,train
003155.npy,1,train
003156.npy,11,train
003157.npy,10,train
003158.npy,10,train
003159.npy,10,train
003160.npy,3,train
003161.npy,8,train
003162.npy,8,train
003163.npy,8,train
003164.npy,10,train
003165.npy,6,train
003166.npy,6,train
003167.npy,6,train
003168.npy,9,val
003169.npy,7,train
003170.npy,7,train
003171.npy,7,train
003172.npy,5,train
003173.npy,11,train
003174.npy,11,train
003175.npy,11,train
003176.npy,4,train
003177.npy,1,train
003178.npy,1,train
003179.npy,1,train
003180.npy,10,train
003181.npy,10,train
003182.npy,3,train
003183.npy,10,train
003184.npy,1,train
003185.npy,1,train
003186.npy,1,train
003187.npy,4,train
003188.npy,2,val
003189.npy,8,train
003190.npy,8,train
003191.npy,8,train
003192.npy,4,train
003193.npy,10,train
003194.npy,10,train
003195.npy,10,train
003196.npy,6,train
003197.npy,4,train
003198.npy,7,train
003199.npy,0,train
